강의 명,강의 카테고리명
영어로배우는 키성장요가,사회/교양
창의쑥쑥키즈페인팅,사회/교양
건강튼튼 어린이발레,사회/교양
팝송으로 배우는 잉글리쉬,사회/교양
시니어 모델워킹,사회/교양
시니어 놀이교실,사회/교양
엔트리 탐험대-코딩 놀이터,사회/교양
"글로벌 취업준비_영문이력서,영어면접 준비",콘텐츠산업 전문과정
유통관리사 2급 자격증 준비반,사회/교양
자존감회복!스트레스관리법,사회/교양
알로하 우쿨렐레교실,사회/교양
"힐링, 칼림바",사회/교양
스토리 클래식,사회/교양
컴퓨터 활용능력 실습반,사회/교양
chat GPT를 활용한 영상콘텐츠 제작,콘텐츠산업 전문과정
정리수납컨설턴트 2급,사회/교양
[수 오후]붓켄 캘리그라피(초급),사회/교양
사회복지현장실무자양성과정,사회/교양
초등돌봄전담사양성과정,사회/교양
요양보호사취득-7월신규자반,사회/교양
요양보호사취득-7월사회복지사 소지자반(야간),사회/교양
전산회계2급 자격증,사회/교양
"AI 시대 신직업, 프롬프트 디자이너 도전하기",사회/교양
"디자인툴로 홍보물 제작하기 2 : 망고보드, 캔바",사회/교양
"생성형 AI 마스터클래스 2 :  챗GPT, 디스코드, 챗봇",사회/교양
"1인미디어 수익형 플랫폼 활용하기 : 인스타그램, 블로그, 카카오",사회/교양
공공데이터를 활용한 빅데이터 시각화,사회/교양
엑셀 활용(엑셀기초+ITQ엑셀 자격증 취득),콘텐츠산업 전문과정
엑셀 활용(엑셀기초+ITQ엑셀 자격증 취득),콘텐츠산업 전문과정
단위화훼장식향상(이벤트플라워),사회/교양
영유아돌보미(베이비시터)-주말반,사회/교양
인지여가교육지도사/야간,사회/교양
인지여가교육지도사,사회/교양
정리수납전문가,사회/교양
김은경의 소통 프로젝트Ⅱ (심리상담사/ 행복 마인드컨설팅 전문가),사회/교양
실버음악활동지도사,사회/교양
실버음악활동지도사,사회/교양
미술심리상담사2급,사회/교양
색채심리상담사2급,사회/교양
한국사지도사,사회/교양
노인인지미술활동지도사,사회/교양
건강체육지도사-야간,사회/교양
웃음레크건강지도사_야간,사회/교양
요양보호사 자격증 취득과정(신규/주간반),사회/교양
스마트폰 교육강사,기타
민화 그리기(수채화),사회/교양
나를 세우는 글쓰기,콘텐츠산업 전문과정
미용헤어컷-야간,사회/교양
미용헤어컷-주말반 ,사회/교양
스마트폰+컴퓨터 초보탈출,기타
쉽게 배워서 바로 활용하는 엑셀기초,영어
쉽게 배워서 바로 쓰는 한글문서작성,영어
밑반찬메뉴(한식조리향상),사회/교양
밑반찬메뉴(한식조리향상),사회/교양
요양보호사 자격증 취득과정(사회복지사/오후반),사회/교양
제과기능사 취득(실기),국가기술자격
떡제조기능사 취득(실기),국가기술자격
커피 바리스타 자격증,사회/교양
커피 바리스타 자격증,사회/교양
분식&포차 메뉴,사회/교양
카페 브런치 B,사회/교양
의류봉제 및 수선(기초),사회/교양
손쉬운 패브릭 소품제작,사회/교양
의상제작(중급),사회/교양
"ITQ자격증취득(한글,엑셀,파워포인트)_야간",사회/교양
"컴퓨터 기초(윈도우,한글,엑셀,파포)",사회/교양
"사무행정 향상(한글,엑셀,파워포인트)",사회/교양
쉽게 만드는 이지웨어,사회/교양
카페브런치메뉴(양식조리향상),사회/교양
카페브런치메뉴(양식조리향상),사회/교양
펜드로잉(여행스케치),사회/교양
한글 실무 활용(업무서식만들기),콘텐츠산업 전문과정
한식디저트메뉴(떡+한과+퓨전메뉴),사회/교양
한식디저트메뉴(떡+한과+퓨전메뉴),사회/교양
바리스타실무-라떼아트,사회/교양
온라인마케팅(블로그홍보),사회/교양
온라인쇼핑몰기초(네이버스마트스토어),사회/교양
정리수납컨설팅(수납전문가2급),사회/교양
정리수납컨설팅(수납전문가2급),사회/교양
정리수납컨설팅(수납전문가2급),사회/교양
직업상담실무,사회/교양
컴퓨터기초와문서작성,사회/교양
업무향상을위한엑셀실무과정,사회/교양
파워포인트디자인실무(망고보드+미리캔버스),사회/교양
요양보호사취득(사회복지사자격증소지자),사회/교양
법원경매와재테크,사회/교양
법원경매와재테크,사회/교양
베이비시터 양성,사회/교양
가족헤어커트(주간),사회/교양
스마트스토어팜 창업과정(네이버스토어+아마존),사회/교양
사무자동화프로그램활용기초-한글과엑셀(주간),사회/교양
"사무자동화실무(한글,엑셀)",사회/교양
보드게임지도사,사회/교양
초등수학지도사2급(자격증)_야간반,사회/교양
트렌디브런치메뉴,사회/교양
약국전산사무원 양성과정,사회/교양
알기 쉬운 부동산경매,사회/교양
알기 쉬운 토지경매,사회/교양
실버건강체육지도사,사회/교양
전래오감놀이지도사 자격취득,사회/교양
인터넷과 스마트폰 활용하기(컴퓨터 연계수업),기타
붓펜으로 쓰는 캘리그라피,사회/교양
회사에서 바로 사용하는 엑셀실무활용,영어
퇴근길에 만나는 타로(코트) - 자격증반,사회/교양
스마트폰 하나로 블로그 완전 정복,기타
웃음코디네이터 1급,사회복지사
메타버스 활용 콘텐츠 제작,콘텐츠산업 전문과정
커피 바리스타 2급 자격 취득,사회/교양
커피 바리스타 2급 자격 취득,사회/교양
퇴근길에 만나는 타로(입문),사회/교양
맞춤형화장품 조제관리사 자격 취득(이론),사회/교양
방과후 웹툰 강사,웹툰/이모티콘
망고보드 활용 콘텐츠 제작,콘텐츠산업 전문과정
망고보드 활용 콘텐츠 제작,콘텐츠산업 전문과정
ChatGPT로 정보 수집하기,사회/교양
쉽게 배우는 한글/엑셀 기초반,사회/교양
카페 브런치,사회/교양
혼밥요리 야식 술안주,사회/교양
한식조리 밑반찬 찌개 국탕,사회/교양
한식조리 밑반찬 찌개 국탕,사회/교양
한식조리 김치 면류,사회/교양
한식조리 김치 면류,사회/교양
한식조리기능사 자격 취득,사회/교양
집밥요리 밑반찬,사회/교양
동서양요리 일식 중식 양식,사회/교양
분식조리,사회/교양
양식조리 샌드위치 샐러드,사회/교양
양식조리 샌드위치 샐러드,사회/교양
직업상담사 1급 2차(실기) 자격 취득,직업상담사
아이돌봄 인력 양성,사회/교양
게임QA,사회/교양
사회복지 사례관리 실무,사회/교양
인스타그램 마켓 운영,사회/교양
사회복지 장기요양기관 운영 실무,사회/교양
사회복지시설정보시스템 활용,콘텐츠산업 전문과정
4대보험/급여관리/연말정산,사회/교양
플라워디자인 기초(꽃다발/꽃바구니/꽃꽂이상품),사회/교양
플라워디자인 기초(꽃다발/꽃바구니/꽃꽂이상품),사회/교양
플라워디자인 기초(꽃다발/꽃바구니/꽃꽂이상품),사회/교양
플라워디자인 기초(꽃다발/꽃바구니/꽃꽂이상품),사회/교양
플라워디자인 기초(꽃다발/꽃바구니/꽃꽂이상품),사회/교양
(프리저브드)플라워디자인,사회/교양
플랜테리어(식물/식재),사회/교양
호텔객실관리사(호텔룸메이드),사회/교양
베이비시터,사회/교양
베이비시터,사회/교양
네이버 스마트스토어 쇼핑몰 운영,사회/교양
세무실무2급 TAT2급 더존,사회/교양
쇼핑몰 상세페이지 제작 포토샵,콘텐츠산업 전문과정
부동산 실무 법률 입문,콘텐츠산업 전문과정
부동산 등기 실무 입문,사회/교양
커피 핸드드립,사회/교양
[내일배움]점역교정사(입문),사회/교양
밑반찬 단품요리(실기)Ⅱ,국가기술자격
"글로벌 음식조리(양식,일식,동남아식)",콘텐츠산업 전문과정
양식브런치메뉴(실기),국가기술자격
중식조리기능사,사회/교양
직업상담사1급 자격증 (2차실기 대비),사회/교양
사회복지사1급자격증취득(전과목대비),사회/교양
"전산회계자격증(전산회계1급, 더존 FAT1급)",사회/교양
디지털금융교육강사 양성과정,사회/교양
[서로배움]LP싸롱과 함께하는 환상적인 음악여행,기타
현직 멘토가 알려주는 패션제품 수익화 핵심 직무 정보,콘텐츠산업 전문과정
엑셀을 활용한 데이터 비즈니스 활용,콘텐츠산업 전문과정
현직 SNS마케팅 기획 전문가가 알려주는 브랜딩 핵심 정보,사회/교양
[OA입문]한글 기본 기능 익히기,사회/교양
"[특강]AI와 인간, 공존의 시대: 어떻게 살 것인가",사회/교양
유튜브 채널 운영 도전하기: 채널 개설과 영상 업로드,사회/교양
[OA실무] 실무에 바로 적용하는 엑셀,사회/교양
[OA실무] 실무에 바로 적용하는 파워포인트,사회/교양
[OA실무] 실무에 바로 적용하는 한글,사회/교양
정리수납 컨설턴트,사회/교양
정리수납 컨설턴트,사회/교양
큐텐 일본 셀러로 온라인 창업하기,사회/교양
AI와 함께하는 영상 제작,사회/교양
저작권 걱정없는 공공저작물 만들기 실습,사회/교양
스마트 콘텐츠 활용 전문지도사 과정,콘텐츠산업 전문과정
유튜브 채널 운영 완전정복: OBS로 나만의 콘텐츠 만들기,사회/교양
슬기로운 강사생활1: 스마트폰 하나로 동영상 강의 자료 만들기,사회/교양
캘리그라피 기초(손글씨),사회/교양
40대 직업전환 프로그램 시니어인지케어 활동전문가 양성과정,콘텐츠산업 전문과정
40대 직업전환 프로그램 아동교육용 디지털 동화책 작가 양성과정,콘텐츠산업 전문과정
ITQ엑셀 자격증취득,사회/교양
양식조리실무향상(카페브런치),사회/교양
요양보호사 취득(사회복지사 소지자),사회복지사
"요양보호사 취득(물리치료사, 작업치료사, 간호조무사소지자)",사회/교양
산모와 신생아 건강관리사(경력자&자격증소지자),사회/교양
정리수납전문가2급 자격증 취득,사회/교양
국제무역사1급 자격증 취득,사회/교양
청소년상담사3급 자격증(필기시험대비),사회/교양
정리수납전문가2급 자격증취득,사회/교양
일식조리기능사 자격 취득과정,사회/교양
쉽게 배우는 파워포인트 기초,사회/교양
쉽게 배우는 엑셀 기초,사회/교양
비즈니스 엑셀 실무(심화),사회/교양
회사에서 인정받는 보고서 작성 실무,사회/교양
해외 구매대행 실무,사회/교양
기초OA 엑셀실무과정(기초부터 실무까지),사회/교양
일러스트 기초 5주 완성,사회/교양
포토샵 기초 5주 완성,사회/교양
퇴근 후 쉽게 하는 블로그 자동 수익 만들기,사회/교양
SNS 인플루언서 입문 6주 완성반,사회/교양
[비대면]도전 작사가 첫걸음(작사입문클래스),사회/교양
[비대면]도전 바로 쓰는 글쓰기(기초부터 스토리텔링까지),콘텐츠산업 전문과정
[비대면]도전 웹소설 작가 데뷔입문,사회/교양
초보자도 따라 하는 근육 근막이완테크닉,사회/교양
미싱기초 파자마 레깅스 바지,사회/교양
처음하는 미싱 스커트 잠옷,사회/교양
노인운동지도자 1급,사회복지사
운동처방사 2급,사회/교양
내 옷 만들기 팬츠 티셔츠 원피스,사회/교양
바리스타 실전,사회/교양
카페메뉴 실무,사회/교양
카페 창업,창업과정
제과기능사(오전),사회/교양
제과기능사(야간),사회/교양
쉽게 만드는 레터링 케익,사회/교양
제과기능장에게 배우는 카페베이커리,사회/교양
(퇴근 후 즐기는)소확행 베이킹,사회/교양
건강하고 맛있는 비건 베이킹,사회/교양
건강밥상 반찬창업,사회/교양
한식조리기능사(오전),사회/교양
중식조리기능사(오전),사회/교양
케이터링(홈파티요리),사회/교양
SNS맛집 따라잡기,사회/교양
비건요리로 떠나는 세계미식여행,사회/교양
헤어미용사 자격증(오후),사회/교양
동물미용사(반려동물 미용관리),사회/교양
경락&전신체형관리,사회/교양
네일미용사,사회/교양
펫 패션 제작(기초),콘텐츠산업 전문과정
전통과 현대의 민화,사회/교양
쉽고 재미있게 만드는 나만의 AI 동화책,사회/교양
[OA입문] 한글 기본 기능 익히기,사회/교양
SNS 이모티콘 제작,콘텐츠산업 전문과정
SNS 이모티콘 제작(주말반),콘텐츠산업 전문과정
컴퓨터기초활용 2회차,사회/교양
실버인지여가교육지도사 3회차,사회/교양
실버인지여가교육지도사 3회차,사회/교양
실버인지여가교육지도사 3회차,사회/교양
웃음&레크레이션지도사 2회차,사회/교양
웃음&레크레이션지도사 2회차,사회/교양
웃음&레크레이션지도사 2회차,사회/교양
베이비시터 7회차,사회/교양
스마트폰기초활용 2회차,사회/교양
스마트폰교육강사 1회차,사회/교양
스마트폰교육강사 1회차,사회/교양
도형심리상담사 2회차,사회/교양
도형심리상담사 2회차,사회/교양
종이접기 2회차,사회/교양
종이접기 2회차,사회/교양
컵타지도사 2회차,사회/교양
재봉틀로 만드는 신생아용품,사회/교양
동화구연3급지도사 4회차,사회/교양
디지털인지코딩지도사 1회차,사회/교양
디지털인지코딩지도사 1회차,사회/교양
(오전)SCA커피바리스타 <스킬> 초급+중급 2회차,사회/교양
(오전)SCA커피바리스타 <스킬> 초급+중급 2회차,사회/교양
캘리그라피 3회차,사회/교양
캘리그라피 3회차,사회/교양
타로심리상담사 3회차,사회/교양
타로심리상담사 3회차,사회/교양
타로심리상담사 3회차,사회/교양
"(평일오전)디지털 출판편집디자인(포토샵, 일러스트, 인디자인, 포트폴리오) 2회차",사회/교양
(평일오전)쇼핑몰(스마트스토어) 운영 및 마케팅 기초 5회차,사회/교양
"(평일오전)SNS 온라인마케팅(블로그, 인스타그램, 유투브)과정 7회차",사회/교양
"(월수금 오후)디지털비지니스 [카카오, 라인 이모티콘] 제작 6회차",콘텐츠산업 전문과정
"(평일오후)그래픽디자인 기초 GTQ(포토샵), GTQi(일러스트)자격증 취득 3회차",사회/교양
(화목 오후) 미리캔버스를 활용한 광고디자인 2회차,사회/교양
"(평일오후)SCA커피바리스타 실무과정+자격증취득(파운,인터, 프로) 5회차",사회/교양
"(평일오전)SCA커피바리스타 실무과정+자격증취득(파운,인터, 프로) 6회차",사회/교양
(월수금 오후)정리수납전문가 실무향상과정(2급) 6회차,사회/교양
"(화목 오후) 캘리그라피 입문+디자인(붓글씨, 손글씨) 4회차",콘텐츠산업 전문과정
(과정평가형자격)직업상담사1급 자격증 취득 및 실무과정 1회차,사회/교양
(과정평가형자격)직업상담사1급 자격증 취득 및 실무과정 1회차,사회/교양
(과정평가형자격)직업상담사1급 자격증 취득 및 실무과정 1회차,사회/교양
[전액지원] 노코드/로우코드를 활용한 웹/앱 개발자 과정,사회/교양
[전액지원] 노코드/로우코드를 활용한 웹/앱 개발자 과정,사회/교양
손글씨 캘리그라피입문과정,사회/교양
구글애널리틱스(GA) 디지털마케팅,사회/교양
구글애널리틱스(GA) 디지털마케팅,사회/교양
구글애널리틱스(GA) 디지털마케팅,사회/교양
[OA실무] 업무에 바로 적용하는 파워포인트,사회/교양
직업상담사2급 2차 실기,사회/교양
전직지원 전문가과정,사회/교양
"블로그,인스타 온라인마케팅",사회/교양
"퍼스널컬러, 나의 이미지 찾기",사회/교양
인사노무관리(근로기준법 총론),사회/교양
맞춤형화장품조제관리사 자격증취득과정,사회/교양
실내식물관리사2급과정,사회/교양
아이돌봄인력 양성교육(신규반),사회/교양
파이썬&웹기반 빅데이터분석 전문가과정,사회/교양
포토샵기초과정,사회/교양
"쉽고 빠른 영상 편집 2 : 캡컷, 키네마스터 ",사회/교양
영상편집기초및 활용(프리미어 프로),사회/교양
해외구매대행실무,사회/교양
요양보호사 신규과정반,사회/교양
요양보호사 사회복지사 주말반,사회복지사
요양보호사 사회복지사 야간반,사회복지사
"요양보호사 간호조무사, 물리치료사, 작업치료사 야간반",사회/교양
요양보호사 간호사 야간반,사회/교양
장기요양기관 운영실무,사회/교양
이커머스 창업과정,사회/교양
이커머스 창업과정,사회/교양
세무경리사무원 양성과정,사회/교양
세무경리사무원 양성과정,사회/교양
커리어컨설턴트 양성과정 ,사회/교양
재봉틀로 만드는 의류,사회/교양
컴퓨터활용능력2급(실기) 자격증취득과정,국가기술자격
꽃차소믈리에(입문),사회/교양
"누구나 작가가 될 수 있다! 6주 완성, 책 만들기",사회/교양
"한글,엑셀(문서작성입문)",사회/교양
전산회계1급자격취득,사회/교양
AI활용 숏폼 콘텐츠 제작,콘텐츠산업 전문과정
반영구스킨아트,사회/교양
[월화목 오전]중식조리기능사 실기,국가기술자격
[수금 오전]양식조리기능사 실기,국가기술자격
[수금 오전]쉽고 맛있는 일본 가정식 요리,사회/교양
[수금 오후]쉽고 맛있는 일본 가정식 요리,사회/교양
[수금 오후]쉽고 맛있는 일본 가정식 요리,사회/교양
[수목 저녁]중식조리기능사 실기,국가기술자격
[수목 저녁]중식조리기능사 실기,국가기술자격
재봉틀로 만드는 홈패션 기초,사회/교양
[수금 오후]떡제조기능사(이론+실기),사회/교양
[수금 오후]떡제조기능사(이론+실기),사회/교양
[토]한식조리기능사 실기,국가기술자격
[토]와인소믈리에과정,사회/교양
[수 저녁]와인소믈리에과정,사회/교양
[오전]파이썬 기초와 빅데이터 입문,사회/교양
[오전]ITQ자격증(한글+엑셀+파워포인트)취득,사회/교양
요양보호사 자격증 취득(신규자),사회/교양
[주간반]요양보호사 자격증 취득(사회복지사 자격증 소지자),사회/교양
[월수 저녁]요양보호사 자격증 취득(간호조무사 자격 소지자),사회/교양
[수 오후]부동산 경매 및 셀프등기,사회/교양
디지털 헬스케어 서비스 기획자,콘텐츠산업 전문과정
K-콘텐츠 미디어 작가 과정,콘텐츠산업 전문과정
[목 오후]쁘띠 프랑스자수,사회/교양
[목 오전]나도 작가:나만의 자서전 쓰기,사회/교양
[월수 오전]실버인지전문가1급(치매예방프로그램),사회/교양
[수금 오후]실버인지전문가1급(치매예방프로그램),사회/교양
[화 오전]보태니컬아트(꽃그림),사회/교양
[화 오후]연필풍경스케치,사회/교양
사회복지프로그램지도자,사회/교양
[서울시_국비지원]AI기반 스마트회계 사무원 양성 과정,사회/교양
[여성가족부_국비지원] 콘텐츠디자인마케터과정,사회/교양
[여성가족부_국비지원]히든챔피언_강소기업 인사노무사무원,사회/교양
[집단상담] 똑똑한 챗GPT와 함께 취업하자,사회/교양
[여성가족부_국비지원] 원산지관리사 및 FTA-PASS실습과정,사회/교양
[고용노동부_국비지원] 똑똑한 챗GPT와 함께 취업하자,사회/교양
[고용노동부_국비지원] 똑똑한 챗GPT와 함께 취업하자,사회/교양
인디서울 6월 독립영화상영회 &lt;어른 김장하&gt;,사회/교양
인디서울 2024와 함께하는 독립영화상영회 7월,기타
[수금 저녁]떡제조기능사(이론+실기),사회/교양
산모신생아건강관리사,사회/교양
베이비시터 6회차,사회/교양
보드게임놀이지도사 1회차,사회/교양
보드게임놀이지도사 1회차,사회/교양
서울시지원 고용서비스기관 직업상담실무,사회/교양
직업상담사1급 2차(실기) 대비반(토),사회/교양
스마트폰 활용 유튜브크리에이터,콘텐츠산업 전문과정
스마트폰 활용 유튜브크리에이터,콘텐츠산업 전문과정
사회복지사1급 자격증 핵심이론 대비반(전과목 대비),사회/교양
[여성가족부 전액지원] 고숙련 간호전문인력 취업실무과정,사회/교양
[여성가족부 전액지원] 고숙련 간호전문인력 취업실무과정,사회/교양
[서울시 전액지원] RPA(로봇프로세스자동화) 개발자 양성과정,사회/교양
[서울시 전액지원] RPA(로봇프로세스자동화) 개발자 양성과정,사회/교양
(화목 오후) 캘리그라피 입문+디자인(붓글씨 손글씨) 3회차,콘텐츠산업 전문과정
(월수금 오후)정리수납전문가 실무향상과정(2급) 5회차,사회/교양
(월수금 오후)정리수납전문가 실무향상과정(2급) 5회차,사회/교양
직업상담사1급 2차(실기) 대비반(수금 저녁),사회/교양
(평일오후)SCA커피바리스타 실무과정+자격증취득(파운인터 프로) 5회차,사회/교양
(평일오후)그래픽디자인 기초 GTQ(포토샵) GTQi(일러스트)자격증 취득 2회차,사회/교양
(월수금 오후)디지털비지니스 [카카오 라인 이모티콘] 제작 5회차,콘텐츠산업 전문과정
(평일오전)SNS 온라인마케팅(블로그 인스타그램 유투브)과정 6회차,사회/교양
(평일오후)디지털 출판편집디자인(포토샵 일러스트 인디자인 포트폴리오) 2회차,사회/교양
동화구연3급지도사 3회차,사회/교양
"(리더십/인사조직,콘텐츠산업전문과정,공인중개사)직업상담사 현장실무",직업상담사
(중랑구립정보도서관)서울시 자전거 및 개인형 이동장치(PM) 안전교육,사회/교양
(시립성동청소년센터)서울시 자전거 및 개인형 이동장치(PM) 안전교육,사회/교양
(에너지드림센터)서울시 자전거 및 개인형 이동장치(PM) 안전교육,사회/교양
(서울시민청)서울시 자전거 및 개인형 이동장치(PM) 안전교육,사회/교양
(서울청년센터/동대문)서울시 자전거 및 개인형 이동장치(PM) 안전교육,사회/교양
(중급)붓펜으로 쓰는 캘리그라피,사회/교양
커피 바리스타 2급 자격 취득(이론실기),사회/교양
커피 바리스타 2급 자격 취득(이론실기),사회/교양
한식조리기능사 자격 취득(이론+실기),사회/교양
한식 디저트(한과/강정/떡),사회/교양
집밥요리(밑반찬),사회/교양
집밥요리(밑반찬),사회/교양
떡제조기능사 자격 취득(이론실기),사회/교양
떡제조기능사 자격 취득(이론실기),사회/교양
"(화목 오후) 캘리그라피 입문+디자인(붓글씨, 손글씨) 2회차",콘텐츠산업 전문과정
(월수금 오후)정리수납전문가1급(이론대비),사회/교양
"(월수금 오후)디지털비지니스 [카카오, 라인 이모티콘] 제작 4회차",콘텐츠산업 전문과정
"(오후)그래픽디자인 기초 GTQ(포토샵), GTQi(일러스트)자격증 취득 1회차",사회/교양
"(평일오후)SCA커피바리스타 실무과정+자격증취득(파운,인터, 프로) 3회차",사회/교양
"(평일오전)SCA커피바리스타 실무과정+자격증취득(파운,인터, 프로) 4회차",사회/교양
(오전)SCA커피바리스타 <로스팅> 초급+중급 1회차,사회/교양
캘리그라피 2회차,사회/교양
"(평일오전)디지털 출판편집디자인(포토샵, 일러스트, 인디자인, 포트폴리오) 1회차",사회/교양
(평일오전)쇼핑몰(스마트스토어) 운영 및 마케팅기초 4회차,사회/교양
베이비시터 5회차,사회/교양
도형심리상담사 1회차,사회/교양
종이접기 1회차,사회/교양
종이접기 1회차,사회/교양
종이접기 1회차,사회/교양
전래오감놀이지도사 1회차,사회/교양
(오전)SCA커피바리스타 <스킬> 초급+중급 1회차,사회/교양
(오전)SCA커피바리스타 <브루잉> 초급+중급 1회차,사회/교양
엑셀기초과정,사회/교양
플라워디자인(프리저브드),사회/교양
떡제조기능사 자격 취득(이론 실기),사회/교양
떡제조기능사 자격 취득(이론 실기),사회/교양
한식 디저트(한과 강정 떡),사회/교양
한식 디저트(한과 강정 떡),사회/교양
한식조리기능사(이론 실기)와 한식조리실무,사회/교양
혼밥요리(야식 술안주),사회/교양
커피 바리스타(핸드드립),사회/교양
베이비시터(8월),사회/교양
베이비시터(10월),사회/교양
베이비시터(12월),사회/교양
(화목 야간)미리캔버스를 활용한 광고디자인(일러스트 기초 포함) 1회차,사회/교양
"(평일 오후)그래픽디자인 기초 GTQ(포토샵),GTQi(일러스트)자격증 취득 1회차",사회/교양
"(월~금 오후)디지털비지니스 [카카오, 라인 이모티콘] 제작 4회차",콘텐츠산업 전문과정
스마트폰교육 강사 1회차,사회/교양
"(월~금 오전)디지털비지니스 [카카오, 라인 이모티콘] 제작 3회차",콘텐츠산업 전문과정
"(월수금 야간)디지털비지니스 [카카오, 라인 이모티콘] 제작 2회차",콘텐츠산업 전문과정
사회복지시설정보시스템 활용 2회차,콘텐츠산업 전문과정
실버인지여가교육지도사 2회차,사회/교양
스마트폰기초활용 1회차,사회/교양
스마트폰기초활용 1회차,사회/교양
SCA커피바리스타 초급 1회차,사회/교양
SCA커피바리스타 초급 1회차,사회/교양
베이비시터 아이돌봄 3회차,사회/교양
실버건강체육지도사 1회차,사회/교양
(야간)컴퓨터기초활용 1회차,사회/교양
(월수금 오후)정리수납전문가 실무향상과정(정리수납전문가 2급자격증) 2회차,사회/교양
(과정평가형 자격)직업상담사 2급자격증 취득과정 1회차,직업상담사
(평일오전) SCA자격증 취득+커피바리스타 실무 심화과정 2회차,사회/교양
챗GPT 왕초보활용 1회차,사회/교양
"(평일오전)디지털 출판편집디자인(포토샵,일러스트,인디자인,포폴) 1회차",사회/교양
"(평일 오전)SNS 온라인마케팅(블로그, 인스타그램, 유튜브)과정 3회차",사회/교양
"(화목 오후)캘리그라피 입문+디자인(붓글씨,손글씨) 1회차",콘텐츠산업 전문과정
(평일오전) 보험총무사무원 양성과정 1회차,사회/교양
(평일오전) 보험총무사무원 양성과정 1회차,사회/교양
"웃음,레크레이션지도사",사회/교양
"(평일오후) SNS 온라인마케팅(블로그, 인스타그램, 유튜브)과정",사회/교양
컵타지도사 1회차,사회/교양
"[야간] 내 안의 빛을 찾다, 타로심리상담사 1회차",사회/교양
정리수납 실무 향상과정(정리수납전문가 2급자격증),사회/교양
"캘리그라피 입문+디자인(붓글씨,손글씨)",콘텐츠산업 전문과정
실버인지여가교육지도사 과정(인지활동),공인중개사 연수교육
(평일오후)정리수납전문가1급 (이론대비) 1회차,사회/교양
베이비시터 아이돌봄 과정1,사회/교양
[야간] 컴퓨터기초활용 1회차,사회/교양
"(월수금 야간) 디지털비지니스 [카카오, 라인, 이모티콘] 제작 2회차",콘텐츠산업 전문과정
"(월~금 오전) 디지털비지니스 [카카오, 라인, 이모티콘] 제작 1회차",콘텐츠산업 전문과정
"디지털 출판편집디자인(포토샵,일러스트,인디자인,포폴)",사회/교양
"그래픽디자인 기초 GTQ(포토샵),GTQi(일러스트)자격증 취득",사회/교양
동화구연 3급 지도사/교구만들기 1회차,기타
(평일야간)정리수납전문가1급 (이론대비) 2회차,사회/교양
(평일오전) 쇼핑몰(스마트스토어)운영 및 마케팅기초 1회차,사회/교양
[평생교육바우처 지원] 부부가 함께 하는 아르헨티나 땅고,사회/교양
AI인공지능을 활용한 블로그운영,사회/교양
누구나 작가가 될 수 있다,사회/교양
돈버는 수익형 전자책만들기,사회/교양
바리스타2급 양성과정,사회/교양
"기후위기와 인권, 그리고 새로운 사회로 전환",인권
2024년 서울시 온라인 예산학교,사회/교양
"두 마리 토끼를 잡아라, 서울시 일?생활 균형 온라인 교육",사회/교양
직업상담사 필기 - 노동관계법규,직업상담사
직업상담사 필기 - 노동시장론,직업상담사
직업상담사 필기 - 직업정보론,직업상담사
직업상담사 필기 - 직업심리학,직업상담사
직업상담사 필기 - 직업상담학,직업상담사
한글 2022 제대로 배우기 완전정복편,전문기술과정
일잘러의 진짜 엑셀 완전정복편,전문기술과정
[오늘부터 정시퇴근] 파워포인트 실무 테크닉 완전정복편,전문기술과정
2024년 서울특별시의회 의정모니터 교육,기타
김경일 교수의 변화를 이끌어 내는 마음리더십,셀프브랜딩
[켄블랜차드의 SLⅡ리더십] 영감을 주는 리더로 거듭나다,리더십/인사조직
"미라클, 스포츠 명가에게 배운다",리더십/인사조직
[북콘서트] 인생을 바꾸는 커리어 멘토링,셀프브랜딩
팀워크로 승리하라,리더십/인사조직
슬기로운 리더생활: MZ세대 맞춤형 코칭,리더십/인사조직
[Z세대 PICK] 하마터면 꼰대가 될 뻔했다,리더십/인사조직
코칭 포유_끌리는 리더의 Coaching Secret,리더십/인사조직
[강점리더십] 몰입을 이끄는 강점 활용법,셀프브랜딩
마음을 끌어당기는 공감 커뮤니케이션,셀프브랜딩
박문각 공인중개사 2차 - 기본이론 - 부동산세법,공인중개사
직업상담사 문제풀이 - 노동관계법규,직업상담사
박문각 공인중개사 2차 - 기본이론 - 부동산공시법,공인중개사
직업상담사 문제풀이 - 노동시장론,직업상담사
직업상담사 문제풀이 - 직업정보론,직업상담사
박문각 공인중개사 2차 - 기본이론 - 부동산중개사법 및 중개실무,공인중개사
박문각 공인중개사 1차 - 기본이론 - 민법 및 민사특별법,공인중개사
박문각 공인중개사 2차 - 기본이론 - 부동산공법,공인중개사
박문각 공인중개사 1차 - 기본이론 - 부동산학개론,공인중개사
직업상담사 이론 - 2차 직업상담실무,직업상담사
직업상담사 문제풀이 - 직업상담학,직업상담사
직업상담사 문제풀이 - 직업심리학,직업상담사
박문각 주택관리사 - 기본 - 공동주택 관리실무,주택관리사
직장 내 장애인 인식개선 교육(한국장애인고용공단 제작 및 지정 콘텐츠),인권
"대답해드림 - 궁궐도시, 서울",인문학
[집콕강좌] 서울 사람들의 여가생활,인문학
"[집콕강좌] 식민도시 경성, 차별부터 파괴까지",인문학
"대답해드림 - 인왕산, 북악산, 낙산 일대",인문학
대답해드림 - 남산 일대,인문학
[집콕강좌] 지하철을 탄 서울史,인문학
[집콕강좌] 서울 사람들의 생로병사,인문학
[집콕강좌] 다시 집을 생각하다,인문학
아동학대예방 법정의무교육(신고의무자 및 공공부문) 수어포함,인권
아동학대예방 법정의무교육(신고의무자 및 공공부문) Educational program on child abuse prevention,인권
"탄소중립, ESG 시대를 준비하라",직무역량과정
[업스킬] 초보자도 따라하기 쉬운 영상 편집 올인원(프리미어 프로＆애프터이펙트),방송/영상
박문각 공인중개사 1차 - 문제풀이 - 민법 및 민사특별법,공인중개사
창업을 이노베이션하자!,창업과정
박문각 공인중개사 2차 - 개념완성 - 부동산공법,공인중개사
"자녀와의 대화, 설득하려 들지 말고 협상해라",부모교육
데이터 분석 입문,전문기술과정
힙한 브랜드는 왜 채널 마케팅에 진심일까?,방송/영상
중장년 퇴직자의 실패하지 않는 창업,창업과정
인스타그램 홍보 전략을 통해 배우는 브랜딩 입문,방송/영상
2024년 서울청년정책네트워크 시정참여교육,사회/교양
뉴노멀시대의 창업하기,창업과정
합격 전기기사 필기 - 자동제어,국가기술자격
요즘 마케터의 ChatGPT 활용법,방송/영상
"지금 당장 ESG, 실무자가 직접 쓴 ESG 실무지침서",직무역량과정
박문각 공인중개사 1차 - 문제풀이 - 부동산학개론,공인중개사
[HD]누구나 할수있다. 이모티콘 디자이너가 되어보자. Part.4 힙합 캐릭터 만들기,웹툰/이모티콘
ESG 확산과 환경경영(지속가능경영) 전략,직무역량과정
[Get it Trend] 한달 공부로 실무에 바로 통하는 데이터분석,전문기술과정
박문각 공인중개사 2차 - 문제풀이 - 부동산세법,공인중개사
[H Pick+셀] ESG 바로알기,직무역량과정
집에서?영어로 놀자?아기 영어 놀이1(발달 단계별),부모교육
문성후 박사의 ESG 실천 전략,직무역량과정
좋은 부모가 될 수 있을까요?,부모교육
집에서?영어로 놀자?아기 영어 놀이2(오감 체험 활동),부모교육
청소년 자녀의 마음 성장 이야기,부모교육
[HD]누구나 할수있다. 이모티콘 디자이너가 되어보자. Part.5 디아블로코믹 이모티콘 만들기,웹툰/이모티콘
한 끗 차이로 트렌드가 되는 SNS 광고 마케팅,콘텐츠산업 전문과정
트랜드에 맞는 프랜차이즈 창업,창업과정
[HD]누구나 할수있다. 이모티콘 디자이너가 되어보자. Part.6 삐에로 이모티콘 만들기,웹툰/이모티콘
뉴노멀시대의 세상을 살리는 창업,창업과정
제대로 알고 하는 소자본 무인 창업,창업과정
[사춘기 심리학] 청소년 정신건강 코칭,부모교육
박문각 공인중개사 2차 - 문제풀이 - 부동산중개사법 및 중개실무,공인중개사
박문각 공인중개사 2차 - 문제풀이 - 부동산공법,공인중개사
박문각 공인중개사 2차 - 개념완성 - 부동산세법,공인중개사
[부모코칭] 우리 아이 자존감 향상Ⅰ - 자존감 이해,부모교육
데이터 분석 기획,전문기술과정
아이의 사춘기 더 이상 두려워하지 마세요!,부모교육
박문각 공인중개사 2차 - 문제풀이 - 부동산공시법,공인중개사
[HD]Photoshop 제대로 배우기 - 기초,방송/영상
[부모코칭] 우리 아이 자존감 향상Ⅱ - 자존감 향상,부모교육
박문각 공인중개사 1차 - 개념완성 - 부동산학개론,공인중개사
박문각 공인중개사 2차 - 개념완성 - 부동산공시법,공인중개사
박문각 공인중개사 2차 - 개념완성 - 부동산중개사법 및 중개실무,공인중개사
[실전창업] 중?장년을 위한 성공적 창업 솔루션,창업과정
"[세일즈 뉴노멀] Value Selling을 통한 거래 확대, 핵심 거래처 관리 전략",직무역량과정
가상세계로 떠나는 메타버스 튜토리얼,전문기술과정
박문각 주택관리사 - 심화 - 주택관리 관계법규,주택관리사
실전 원가회계 : 생산성을 업그레이드하라!,금융/회계
Get! 꿀~ 직장인의 세금 상식,금융/회계
사회복지사 1급 이론 - 사회복지법제와 실천,사회복지사
HR도 ChatGPT로 하는 시대가 왔다,전문기술과정
사회복지사 1급 기출문제풀이 - 인간행동과 사회환경,사회복지사
박문각 주택관리사 - 기본 - 공동주택 시설개론,주택관리사
출근길 회계 회화 챌린지: 회계 까막눈 극복 프로젝트,금융/회계
"스타트업, 반드시 성공하는 창업 로드맵",창업과정
박문각 주택관리사 - 문제풀이 - 주택관리 관계법규,주택관리사
박문각 주택관리사 - 문제풀이 - 민법,주택관리사
"핫한 그 회사, 진짜 잘 나갈까?",금융/회계
사회복지사 1급 이론 - 사회복지행정론,사회복지사
메타버스로 혁신하는 비즈니스 전략,전문기술과정
박문각 주택관리사 - 기본 - 회계원리,주택관리사
디지털 대전환을 주도하는 플랫폼과 사물인터넷,전문기술과정
사회복지사 1급 이론 - 사회복지실천론,사회복지사
사회복지사 1급 이론 - 인간행동과 사회환경,사회복지사
[How to ESG] 지속가능경영을 위한 필연적인 여정,경영일반
"뉴 커머스 시대, 새로운 소비 혁명을 이끌다",경영일반
팔리는 브랜드 경험을 만드는 데이터 마케팅,직무역량과정
사회복지사 1급 이론 - 사회복지조사론,사회복지사
요양보호사_모의고사,기타
기업의 미래를 바꾸는 디지털 혁신 기술,전문기술과정
관광통역안내사_관광자원해설,기타
박문각 주택관리사 - 기본 - 주택관리 관계법규,주택관리사
사회복지사 1급 기출문제풀이 - 사회복지실천기술론,사회복지사
청소년상담사 3급 - 심리측정 및 평가,기타
사회복지사 1급 이론 - 사회복지실천기술론,사회복지사
요양보호사_기본 요양보호각론,기타
사회복지사 1급 이론 - 사회복지정책론,사회복지사
사회복지사 1급 기출문제풀이 - 사회복지행정론,사회복지사
박문각 주택관리사 - 심화 - 회계원리,주택관리사
박문각 주택관리사 - 심화 - 공동주택 관리실무,주택관리사
청소년상담사 3급 - 상담이론,기타
박문각 주택관리사 - 문제풀이 - 회계원리,주택관리사
"온리원이 되는 생존 브랜딩, 브랜드 전략",직무역량과정
관광통역안내사_관광법규,기타
"데이터로 말하는 마케터, 데이터 드리븐 마케팅",직무역량과정
직장인의 기본 상식! 세무회계,금융/회계
"새로운 디지털 혁명, 블록체인",전문기술과정
SKIP없는 콘텐츠마케터의 트렌디한 전략,직무역량과정
사회복지사 1급 기출문제풀이 - 사회복지정책론,사회복지사
사회복지사 1급 기출문제풀이 - 사회복지조사론,사회복지사
사장님은 처음이지? 창업 멘토 박정호의 실전 창업,창업과정
[정도진의 절대회계] 회계를 알면 기업이 보인다,금융/회계
읽으면 사게 되는 세일즈 글쓰기,직무역량과정
박문각 주택관리사 - 문제풀이 - 공동주택 관리실무,주택관리사
박문각 주택관리사 - 심화 - 민법,주택관리사
"퍼포먼스마케터, 그로스마케팅으로 떨어지는 효율 올리는 법",직무역량과정
브랜드의 찐팬을 만드는 실전 CS 전략,직무역량과정
사회복지사 1급 기출문제풀이 - 사회복지법제와 실천,사회복지사
"[세일즈 뉴노멀] 어쩌다 고성과자, 세일즈마케팅을 통한 신시장 개척",직무역량과정
청소년상담사 3급 - 발달심리,기타
청소년상담사 3급 - 집단상담의 기초,기타
[국가공인자격증] 김도연의 임상심리사 2급(필기),기타
요양보호사_요양보호개론,기타
[버츄얼 셀링] 만나지 않았지만 계약합니다,직무역량과정
[국가공인자격증] 김도연의 임상심리사 2급(실기),기타
사회복지사 1급 기출문제풀이 - 지역사회복지론,사회복지사
관광통역안내사_국사,기타
요양보호사_특수 요양보호각론,기타
관광통역안내사_관광학개론,기타
사회복지사 1급 이론 - 지역사회복지론,사회복지사
박문각 주택관리사 - 기본 - 민법,주택관리사
청소년상담사 3급 - 학습이론,기타
[정도진의 절대회계] 내부회계관리제도,금융/회계
ESG X Tech : DX시대의 ESG 경영 전략,직무역량과정
청소년상담사 3급 - 청소년이해론,기타
박문각 주택관리사 - 심화 - 공동주택 시설개론,주택관리사
"비즈니스 혁명, 메타버스에 탑승하라",전문기술과정
박문각 주택관리사 - 문제풀이 - 공동주택 시설개론,주택관리사
사회복지사 1급 기출문제풀이 - 사회복지실천론,사회복지사
"기술이 소비를 바꾼다, 리테일의 미래",경영일반
요양보호사_요양보호 관련 기초지식,기타
서울시 폭력예방 통합교육(가정폭력편),기타
서울시 폭력예방 통합교육(직장 내 성희롱편),기타
서울시 폭력예방 통합교육(성매매편),기타
서울시 폭력예방 통합교육(직장 내 성폭력편),기타
네이버가 픽한 슬기로운 일상영어생활 플러스 Step 2,영어
일잘러의 진짜 엑셀 - 기본,OA활용
세계를 움직인 역사 속 리더들,인문학
[오늘부터 정시퇴근] 엑셀 실무 테크닉 - 빅데이터 분석&시각화편,OA활용
코리안브로스 TALK!TALK 10분 리얼영어 (언어차이 feat.외국인),영어
[다시일] 다시 시작하는 일본어회화 기초 Step1,일본어
도시와 공간을 잇는 인문 기행,문화예술
답이 바로 나오는 퀵 토익 스피킹 IM－IH 공략 Step 1,영어
미술의 마음,문화예술
고전에서 찾은 가족의 의미,부모교육
합격 전기(산업)기사 필기 - 전기자기학,국가기술자격
0순위 왕초보 영어회화 Step2,영어
10분으로 쉽게 마스터하는 비즈니스 이메일 영어 Step2,영어
답이 바로 나오는 퀵 토익 스피킹 AL－AH 공략 Step 1,영어
키워드로 듣고 답하는 퀵 오픽 AL+ Step2 빈출주제,영어
하루 10분! 뇌운동 프로젝트 - 프랑스어 실전 트레이닝,기타외국어
키워드로 듣고 답하는 퀵 오픽 IM+ Step1,영어
밥상에서 배우는 오이시이 일본어,일본어
[다시영] 다시 시작하는 영어회화 실전 Step2,영어
스낵영어_신기한 영어 세계로의 글로벌 여행기 3탄 <유럽권>,영어
[Tech briefing] 빅테크의 모든 것,신기술교육
12345 스페인어 첫걸음 회화 왕초보도 쉽게 말하기 Step 3 - 네다섯 마디로 기막히고 끝내주게 말해요,기타외국어
[HD]사무자동화산업기사 실기 - 데이터베이스,국가기술자격
[오늘부터 정시퇴근] 엑셀 실무 테크닉 - 일잘러의 보고서 작성편,OA활용
아는 만큼 보이는 우주 이야기,문화예술
하루 10분! 뇌운동 프로젝트 - 프랑스어 기초 트레이닝,기타외국어
코리안브로스 TALK!TALK 10분 리얼영어 (문화차이 feat.외국인),영어
합격 전기(산업)기사 필기 - 전기설비기준,국가기술자격
하루 10분! 뇌운동 프로젝트 - 프랑스어 심화 트레이닝2,기타외국어
네이버가 픽한 슬기로운 취미영어생활 플러스 Step 1,영어
2080 리얼잉글리시 회화 핵심패턴 Step2,영어
[트렌드 인사이트] 지금 주목해야 할 NEW 라이프 트렌드,사회/교양
[HD]한글 2022 제대로 배우기 - 기본2,OA활용
독공 전산세무 2급 필기,국가기술자격
CS리더스관리사 - CS전략론,국가기술자격
[스낵영어] 한번 배워 평생 쓰는 화상회의 필수영어.ZIP,영어
[행복의 공식] 육아휴직 복귀지원 교육,건강관리
하루 10분! 뇌운동 프로젝트 - 프랑스어 심화 트레이닝1,기타외국어
2080 리얼잉글리시 심화 테마토크,영어
퀵 토익 이미지 VOCA 자동암기 Step1,영어
40장면으로 끝나는 오석태의 미드영어회화 Step 2,영어
[HD]사무자동화산업기사 필기 - 사무경영관리개론,국가기술자격
[AIxHuman] 인공지능에 윤리를 더하다,신기술교육
[HD]한글 2022 제대로 배우기 - 기본1,OA활용
키워드로 듣고 답하는 퀵 오픽 AL+ Step1 문제유형,영어
"[소확성] 건강식이 만드는 저절로 다이어트, 채소과일식의 모든 것",건강관리
키워드로 듣고 답하는 퀵 오픽 AL+ Step3 롤플레이 및 실전모의고사,영어
"[소확성] 롱런을 위한 원픽 투자처, 내 몸에 투자하라",건강관리
10분으로 쉽게 마스터하는 비즈니스 무역 영어 Step2,영어
독공 전산세무 2급 실기,국가기술자격
[다시중] 다시 시작하는 중국어회화 기초 Step2,중국어
[HD]사무자동화산업기사 필기 - 프로그래밍일반,국가기술자격
[HD]사무자동화산업기사 실기 - 스프레드시트,국가기술자격
코리안브로스 TALK!TALK 10분 리얼영어 (현지체험 feat.외국인),영어
독공 전산세무 1급 필기,국가기술자격
코리안브로스 TALK!TALK 10분 리얼영어 (생각차이 feat.외국인),영어
[온캠] 한번에 끝내는 컴퓨터활용능력 2급 실기,국가기술자격
독공 전산회계 1급 필기,국가기술자격
스낵영어_입에 붙는 미드 속 찐영어,영어
스낵영어_생각이 180도 바뀌는 콩글리쉬 탈출 영어!,영어
[오늘부터 정시퇴근] 파워포인트 실무 디자인 2016+365,OA활용
답이 바로 풀리는 퀵 토익 실전 모의고사 2,영어
[다시일] 다시 시작하는 일본어회화 실전,일본어
[다시영] 다시 시작하는 영어회화 기초 Step2,영어
스낵영어_MBTI로 보는 현실 공감 100배 영어,영어
[온캠] 한번에 끝내는 컴퓨터활용능력 2급 필기,국가기술자격
하루 10분! 뇌운동 프로젝트 - 중국어 기초 트레이닝2,중국어
[오늘부터 정시퇴근] 파워포인트 실무 테크닉 - 보고서 디자인편,OA활용
답이 바로 풀리는 퀵 토익 실전 모의고사 3,영어
[다시중] 다시 시작하는 중국어회화 기초 Step1,중국어
설득력을 높이는 데이터 시각화 : 파워포인트 ＆ 엑셀,OA활용
독공 전산회계 1급 실기,국가기술자격
독공 전산세무 1급 실기,국가기술자격
"요즘의 책읽기 - 함께, 깊게 읽는 독서 모임 만드는 법",사회/교양
키워드로 듣고 답하는 퀵 오픽 IM+ Step2,영어
"[컬러테라피] Color! 너와 나의 연결고리, 색채심리",건강관리
세상을 뒤바꿀 미래기술 25,신기술교육
"에코 라이프 시대, 친환경 컴퍼니를 만나다",사회/교양
[오늘부터 정시퇴근] 엑셀 실무 데이터 분석 2016+365,OA활용
[HD]사무자동화산업기사 필기 - 정보통신개론,국가기술자격
답이 바로 나오는 퀵 토익 스피킹 AL－AH 공략 Step 2,영어
12345 스페인어 첫걸음 회화 왕초보도 쉽게 말하기 Step 1 - 스페인어의 기초 & 한 마디로 자신 있게 말해요,기타외국어
합격 전기(산업)기사 필기 - 회로이론,국가기술자격
[HD]사무자동화산업기사 필기 - 사무자동화 시스템,국가기술자격
[소확성] 2030 여성을 위한 힐링 `마음상담`,건강관리
독공 전산회계 2급 필기,국가기술자격
처음 배우는 머신러닝,프로그래밍
[다시중] 다시 시작하는 중국어회화 실전 Step2,중국어
합격 전기(산업)기사 필기 - 전기기기,국가기술자격
답이 바로 풀리는 퀵 토익 실전 모의고사 1,영어
독공 전산회계 2급 실기,국가기술자격
10분으로 쉽게 마스터하는 비즈니스 무역 영어 Step1,영어
[How2업스킬] MBTI로 가화만사성! 성격유형으로 보는 부부＆자녀 대화법,아동/청소년
답이 바로 나오는 퀵 토익 스피킹 IM－IH 공략 Step 2,영어
네이버가 픽한 슬기로운 취미영어생활 플러스 Step 2,영어
스낵영어_신기한 영어 세계로의 글로벌 여행기 2탄 <아시아권>,영어
[HD]사무자동화산업기사 실기 - 프레젠테이션,국가기술자격
New Creative에 도전하는 인공지능 콘텐츠,사회/교양
2080 리얼잉글리시 회화 핵심패턴 Step1,영어
하루5분! 핫한 중국어 0순위 생생중국어,중국어
답이 바로 써지는 퀵 토익 Writing 기본 Step 1,영어
일잘러의 진짜 엑셀 - 활용,OA활용
[오늘부터 정시퇴근] 파워포인트 실무 테크닉 - 슬라이드 디자인편,OA활용
답이 바로 써지는 퀵 토익 Writing 기본 Step 2,영어
"커리어 2라운드, 새롭게 커리어로 도약하는 법",사회/교양
CS리더스관리사 - 고객관리실무론,국가기술자격
지금은 K-OTT 시대,신기술교육
도쿄 리테일 트렌드,사회/교양
0순위 왕초보 영어회화 Step1,영어
[다시중] 다시 시작하는 중국어회화 실전 Step1,중국어
인공지능이 이렇게 쉬웠어?,신기술교육
10분으로 쉽게 마스터하는 비즈니스 계약 영어 Step2,영어
답이 바로 나오는 퀵 토익 스피킹 실전,영어
합격 전기(산업)기사 필기 - 전력공학,국가기술자격
퀵 토익 이미지 VOCA 자동암기 Step2,영어
12345 스페인어 첫걸음 회화 왕초보도 쉽게 말하기 Step 2 - 두세 마디로 당당하고 시원하게 말해요,기타외국어
10분으로 쉽게 마스터하는 비즈니스 계약 영어 Step1,영어
네이버가 픽한 슬기로운 일상영어생활 플러스 Step 1,영어
"입사에서 퇴사까지, 직장인을 위한 노동법 이야기",사회/교양
하루 10분! 뇌운동 프로젝트 - 중국어 기초 트레이닝1,중국어
스낵영어_신기한 영어 세계로의 글로벌 여행기 1탄 <영어권>,영어
[다시영] 다시 시작하는 영어회화 기초 Step1,영어
CS리더스관리사 - CS개론,국가기술자격
"기후 변화 시대, 새로운 마인드셋",사회/교양
[다시영] 다시 시작하는 영어회화 실전 Step1,영어
10분으로 쉽게 마스터하는 비즈니스 이메일 영어 Step1,영어
[다시일] 다시 시작하는 일본어회화 기초 Step2,일본어
40장면으로 끝나는 오석태의 미드영어회화 Step 1,영어
[직장인의 품격] 갑질예방교육,기타
"[생생고민톡] 김기리, 윤태진과 함께하는 성매매 예방교육",기타
"[고민 영수증] 김지민, 박영진과 함께하는 직장 내 성희롱 예방교육",기타
[슬기로운 직장생활] 감정노동자 보호 교육,기타
[직장인의 품격] 정보보안,기타
[행복의 공식] 정보보안,기타
[슬기로운 직장생활] 지능정보서비스 과의존 예방교육,기타
[지식퀴즈쇼] 이달의 소녀와 함께하는 직장 내 괴롭힘 예방교육,기타
[행복의 공식] 지능정보서비스 과의존 예방교육,기타
"[직장인 고민찻집] 강재준, 이은형과 함께하는 가정폭력 예방교육",기타
[슬기로운 직장생활] 직장 내 괴롭힘 예방교육,기타
[지식퀴즈쇼] 이달의 소녀와 함께하는 감정노동자보호교육,기타
"[직장인 고민찻집] 강재준, 이은형과 함께하는 감정노동자 보호 교육",기타
[행복의 공식] 공정사회 및 인권사회 구현,인권
"[직장인 고민찻집] 강재준, 이은형과 함께하는 직장 내 괴롭힘 예방교육",기타
"[생생고민톡] 김기리, 윤태진과 함께하는 성폭력 예방교육",기타
[슬기로운 직장생활] 갑질예방교육,기타
[지식퀴즈쇼] 이달의 소녀와 함께하는 개인정보보호교육,기타
[행복의 공식] 윤리경영,기타
[직장인의 품격] 공정사회 및 인권사회 구현,인권
[지식퀴즈쇼] 이달의 소녀와 함께하는 직장 내 장애인 인식개선 교육,기타
[행복의 공식] 퇴직연금교육,기타
"[직장인 고민톡톡] 김일중, 최희와 함께하는 직장 내 장애인 인식개선 교육",기타
"[직장인 고민찻집] 강재준, 이은형과 함께하는 직장 내 성희롱 예방교육",기타
[슬기로운 직장생활] 공정사회 및 인권사회 구현,인권
"[고민 영수증] 김지민, 박영진과 함께하는 직장 내 괴롭힘 예방교육",기타
"[생생고민톡] 김기리, 윤태진과 함께하는 개인정보보호 교육",기타
[슬기로운 직장생활] 직장 내 장애인 인식개선 교육,기타
"[생생고민톡] 김기리, 윤태진과 함께하는 직장 내 장애인 인식개선 교육",기타
[행복의 공식] 갑질예방교육,기타
[직장인의 품격] 퇴직연금 교육,기타
"[직장인 고민톡톡] 김일중, 최희와 함께하는 성폭력 예방교육",기타
"[직장인 고민톡톡] 김일중, 최희와 함께하는 개인정보보호 교육",기타
"[직장인 고민톡톡] 김일중, 최희와 함께하는 성매매 예방교육",기타
"[고민 영수증] 김지민, 박영진과 함께하는 가정폭력 예방교육",기타
"[고민 영수증] 김지민, 박영진과 함께하는 감정노동자 보호 교육",기타
[직장인의 품격] 지능정보서비스 과의존 예방교육,기타
[행복의 공식] 청탁금지법,기타
[직장인의 품격] 윤리경영,기타
[서울시복지재단] (이룸통장)발달장애인 금융복지제도,금융
[서울시복지재단] (이룸통장)발달장애인을 위한 성년후견제도 및 신탁의 이해와 활용,금융
"[서울시복지재단 금융교육] 세금, 어디까지 알고 있니?",금융
[서울시복지재단] (이룸통장)발달장애인 금융범죄예방,금융
[서울시복지재단] (이룸통장)발달장애인 생활금융,금융
[서울시복지재단 금융교육] 20대 재무설계 100살까지 간다.,금융
[서울시복지재단 금융교육] 재테크! 알고만 있어도 도움이 된다!,금융
[서울시복지재단 금융교육] 대출! 알고 받으면 위험하지 않다!,금융
e-정보와 인권(인권교육용),인권
지방보조금Ⅰ,사회/교양
지방보조금Ⅲ,사회/교양
지방보조금Ⅱ,사회/교양
신고의무자 및 관련 종사자를 위한 인신매매등 피해자 식별과 보호?지원,인권
2023년 양천구 주민자치학교,사회/교양
중소기업 기술보호 온라인 실무교육(12차시),신기술교육
2023 하반기 화상강의 - 50대에 도전해서 부자되는 법,창업
양천구 공인중개사 연수교육 과정 Ⅰ(사이버교육필수),공인중개사 연수교육
서대문구 공인중개사 연수교육 과정 Ⅰ(사이버교육필수),공인중개사 연수교육
서초구 공인중개사 연수교육 과정 Ⅰ(사이버교육필수),공인중개사 연수교육
강북구 공인중개사 연수교육 과정 Ⅰ(사이버교육필수),공인중개사 연수교육
관악구 공인중개사 연수교육 과정 Ⅰ(사이버교육필수),공인중개사 연수교육
영등포구 공인중개사 연수교육 과정 Ⅰ(사이버교육필수),공인중개사 연수교육
종로구 공인중개사 연수교육 과정 Ⅰ(사이버교육필수),공인중개사 연수교육
금천구 공인중개사 연수교육 과정 Ⅰ(사이버교육필수),공인중개사 연수교육
강서구 공인중개사 연수교육 과정 Ⅰ(사이버교육필수),공인중개사 연수교육
성북구 공인중개사 연수교육 과정 Ⅰ(사이버교육필수),공인중개사 연수교육
중랑구 공인중개사 연수교육 과정 Ⅰ(사이버교육필수),공인중개사 연수교육
광진구 공인중개사 연수교육 과정 Ⅰ(사이버교육필수),공인중개사 연수교육
용산구 공인중개사 연수교육 과정 Ⅰ(사이버교육필수),공인중개사 연수교육
구로구 공인중개사 연수교육 과정 Ⅰ(사이버교육필수),공인중개사 연수교육
도봉구 공인중개사 연수교육 과정 Ⅰ(사이버교육필수),공인중개사 연수교육
강남구 공인중개사 연수교육 과정 Ⅰ(사이버교육필수),공인중개사 연수교육
동대문구 공인중개사 연수교육 과정 Ⅰ(사이버교육필수),공인중개사 연수교육
은평구 공인중개사 연수교육 과정 Ⅰ(사이버교육필수),공인중개사 연수교육
동작구 공인중개사 연수교육 과정 Ⅰ(사이버교육필수),공인중개사 연수교육
송파구 공인중개사 연수교육 과정 Ⅰ(사이버교육필수),공인중개사 연수교육
중구 공인중개사 연수교육 과정 Ⅰ(사이버교육필수),공인중개사 연수교육
노원구 공인중개사 연수교육 과정 Ⅰ(사이버교육필수),공인중개사 연수교육
성동구 공인중개사 연수교육 과정 Ⅰ(사이버교육필수),공인중개사 연수교육
마포구 공인중개사 연수교육 과정 Ⅰ(사이버교육필수),공인중개사 연수교육
강동구 공인중개사 연수교육 과정 Ⅰ(사이버교육필수),공인중개사 연수교육
슬기로운 에너지생활,사회/교양
노인화상 사고예방 및 응급처치를 위한 노인 화상예방송,사회/교양
도봉구 주민참여예산학교 온라인 교육,사회/교양
도로교통공단과 함께하는 음주운전 예방 교육,사회/교양
도로교통공단과 함께하는 알아야할 교통법규,사회/교양
도로교통공단과 함께하는 사례별 교통안전,사회/교양
[서울시복지재단] (이룸통장)발달장애인을 위한 생활경제 교육,금융
노인학대 신고의무자 교육_시설종사자편,기타
노인학대 신고의무자 교육_전국민편,기타
의료인을 위한 노인학대 예방 및 신고의무 교육,기타
2023년 양천구 주민참여예산학교,사회/교양
서울특별시 건축안전자문단 건축물안전관리시스템,기타
민간위탁사업실무,사회/교양
민간위탁기관 예산회계 및 인사노무 실무,사회/교양
2023년 성북구 주민참여예산학교 기본과정,기타
모두를 위한 교육 디자인 툴킷! 모두툴킷 사용설명서,사회/교양
소상공인을 위한 상표가이드 분쟁편,창업과정
[3분IP창업]IP디딤돌프로그램 교육 안내,창업과정
[3분IP창업]비즈니스 모델링,창업과정
소상공인을 위한 상표가이드 등록편,창업과정
[3분IP창업]스타트업 창업 트렌드와 기업가 정신,창업과정
노인일자리 사례로 배우는 안전사고 예방교육,사회/교양
"함께하는 인권사전, 감정노동자편(인권교육용)",사회/교양
노인일자리 화상예방교육,사회/교양
노인일자리 적응하기,사회/교양
"[정동, 근대를묻다-1편] 근대 정동의 역사와 외교",문화예술
"[정동, 근대를묻다-2편] 정동, 세계 건축의 용광로",문화예술
"[정동, 근대를묻다-3편] 커피향 흐르는 정동",문화예술
"[정동, 근대를묻다-4편] 근대 교육의 발상지",문화예술
"[정동, 근대를묻다-5편] 정동, 개신교의 요람",문화예술
이모티콘 제안하기 - 나만의 이모티콘 만들기,웹툰/이모티콘
시즌제 드라마 기획의 노하우 - 이유 있는 시즌 드라마의 성공법칙,방송/영상
"게임인 인터뷰: 5. 게임 운영사, 서비스 운영 직무",콘텐츠산업 전문과정
Photogrammetry 활용하기 - 준비 가이드,전문기술과정
Photogrammetry 활용하기 - Reality Capture를 이용한 3D 모델링,전문기술과정
[수어자막] 배리어프리 사례 알아보기 2 - 연극/공연 - 모두를 위한 즐거움 - 콘텐츠산업 내 배리어프리,콘텐츠산업 전문과정
[수어자막] 1인 크리에이터를 위한 저작권 노하우 - 1인 크리에이터를 위한 창작 시 저작권 관련 주의사항(1),방송/영상
"사이버폭력에 대한 법적 대처법 - 표현의 자유는 어디까지인가, 사이버폭력",콘텐츠산업 전문과정
"웹툰 회사에서는 어떤 일을 할까? - 웹툰 회사, 이런 일을 해요: 스튜디오 제작 시스템",웹툰/이모티콘
MCN 비즈니스 전략 2 : MCN 사업자들의 대응 - 수익모델 절실히 찾기,콘텐츠산업 전문과정
단편 애니메이션 스토리텔링 - 애니메이션 스토리텔링,콘텐츠산업 전문과정
웹툰 프로듀서를 위한 실전 만화기획 - 뚜렷한 주제와 정확한 로그라인 만들기,웹툰/이모티콘
2강 콘텐츠 제작을 위한 다문화 수용성,콘텐츠산업 전문과정
"인권침해에 관한 규제 법안 심의 사례 - 제작자의 필수조건, 제작윤리의 모든 것",콘텐츠산업 전문과정
[수어자막] 배리어프리 관련 직업탐구 2 - 콘텐츠산업 내 배리어프리,콘텐츠산업 전문과정
국내?외 다큐멘터리 시장의 특징 및 접근방향 - 다큐멘터리 영화 기획과 스토리텔링,콘텐츠산업 전문과정
"FRAPA, 포맷 바이블 - 한국 포맷 바이블 작성의 이해",콘텐츠산업 전문과정
<조재원의 색다른 체험기> 사례 연구 - 숏폼 콘텐츠 기획 및 성공 사례 분석,방송/영상
"시선을 사로잡는 힘, 공연 무대의 비밀 - 정서적 묘사 vs 사실적 묘사 그 사이! - 상처로 둘러싸인 두 세계, <웃는 남자>",콘텐츠산업 전문과정
[수어자막] 인공지능기술 활용사례 - 게임 기획/개발 분야,인공지능
구성과 편집 - 다큐멘터리 글쓰기,콘텐츠산업 전문과정
프로그램 기획하기 - 다큐멘터리 글쓰기,콘텐츠산업 전문과정
UHD 오디오를 위한 MPEG-H 활용 - 방송사운드의 역사와 MPEG-H 도입,콘텐츠산업 전문과정
자료조사부터 가구성안까지 - 다큐멘터리 지식채널e 숏 콘텐츠 5분의 미학,방송/영상
이모티콘 텍스트 및 그림 그리기 - 나만의 이모티콘 만들기,웹툰/이모티콘
실제 작업했던 사례의 Work Process - 아트앤테크닉:무대기술,콘텐츠산업 전문과정
이모티콘 캐릭터 만들기 - 나만의 이모티콘 만들기,웹툰/이모티콘
[수어자막] 배리어프리 사례 알아보기 3 - 기타 - 모두를 위한 즐거움 - 콘텐츠산업 내 배리어프리,콘텐츠산업 전문과정
<박나래의 복붙쇼> 사례 연구 - 숏폼 콘텐츠 기획 및 성공 사례 분석,방송/영상
왜 시즌 드라마인가? - 이유 있는 시즌 드라마의 성공법칙,방송/영상
로그분석 - 분석 실습,전문기술과정
MCN 비즈니스 전략 1 : 미디어 시장 환경의 변화,콘텐츠산업 전문과정
토크쇼 분야 - 예능작가 실무 노하우,콘텐츠산업 전문과정
[수어자막] 1인 크리에이터를 위한 저작권 노하우 - 1인 크리에이터를 위한 창작 시 저작권 관련 주의사항(2),방송/영상
핑크퐁 아기상어 - 국내 애니메이션 해외진출과 성공사례,콘텐츠산업 전문과정
계약서의 심화학습1 - 원천창작자를 위한 글로벌 계약서 작성법,콘텐츠산업 전문과정
"OTT 분야 직무: 3. 서비스 기획 및 운영, 디자인(1) - 콘텐츠 뒤의 사람들, OTT 이야기",방송/영상
"신노년층, 오팔(OPAL)세대를 위한 미디어 이용가이드 - 연령별 미디어 이용 가이드",콘텐츠산업 전문과정
"게임인 인터뷰: 2. 게임 개발사, 밸런스 디자인 직무",콘텐츠산업 전문과정
로그분석 - 지표의 필요성과 정의,전문기술과정
1인 콘텐츠 실제 제작하기 1 : 채널 개설 및 관리,방송/영상
자신 있게 체결하는 게임 퍼블리싱 계약 - 단계별 각 당사자의 권리와 의무,콘텐츠산업 전문과정
"표현의 자유와 책임의 문제 - 표현의 자유는 어디까지인가, 사이버폭력",콘텐츠산업 전문과정
다큐멘터리 영화 기획 - 다큐멘터리 영화 기획과 스토리텔링,콘텐츠산업 전문과정
"웹툰 회사, 이런 일을 해요: 노블코믹스, 웹툰 OST - 웹툰 회사에서는 어떤 일을 할까?",웹툰/이모티콘
로그분석 - 지표의 종류,전문기술과정
신비아파트 - 국내 애니메이션 해외진출과 성공사례,콘텐츠산업 전문과정
뉴스 소비 방식의 진화 - 뉴스콘텐츠의 진화와 생태계,콘텐츠산업 전문과정
"게임인 인터뷰: 3. 게임 개발사, 프로그래밍 직무",콘텐츠산업 전문과정
계약서의 심화학습2 - 원천창작자를 위한 글로벌 계약서 작성법,콘텐츠산업 전문과정
게임 포스트모템 - 용사는 진행중 포스트모템,콘텐츠산업 전문과정
스튜디오 창작 시스템의 이해 - 웹툰 산업 및 플랫폼의 변화 양상,웹툰/이모티콘
Photogrammetry 활용하기 - Zbrush 리토폴리지 및 모델링 출력하기,전문기술과정
"미디어 감수성 - 제작자의 필수조건, 제작윤리의 모든 것",콘텐츠산업 전문과정
"웹툰 회사, 이런 일을 해요: 해외사업 - 웹툰 회사에서는 어떤 일을 할까?",웹툰/이모티콘
공연에서의 뉴미디어 테크놀로지 사용 - 뉴미디어 테크놀로지를 활용한 공연 제작,콘텐츠산업 전문과정
리얼리티쇼 분야 - 예능작가 실무 노하우,콘텐츠산업 전문과정
게임 트레일러 제작 - 기획단계,콘텐츠산업 전문과정
애니메이션 스토리텔링 - 장편 애니메이션 스토리텔링,콘텐츠산업 전문과정
제어와 운용 - 공연 창작과 기술,콘텐츠산업 전문과정
[수어자막] 배리어프리 서비스를 위한 법규정 알아보기 - 모두를 위한 즐거움 - 콘텐츠산업 내 배리어프리,콘텐츠산업 전문과정
턴방식 게임의 이해 <히어로즈 오브 마이트 앤 매직> - 장르별 대표 사례로 보는 게임 기획,콘텐츠산업 전문과정
1인 콘텐츠 실제 제작하기 4 : 콘텐츠 업로드 및 관리,방송/영상
구성안부터 완성까지 - 다큐멘터리 지식채널e 숏 콘텐츠 5분의 미학,방송/영상
UHD 오디오를 위한 MPEG-H 활용 - 3D 오디오 마이킹과 제작의 이해,콘텐츠산업 전문과정
마스크와 레이아웃터 활용 - EDIUS 실무활용을 위한 이펙트 강좌,콘텐츠산업 전문과정
시즌제 드라마 CASE STUDY : 검법남녀 - 이유 있는 시즌 드라마의 성공법칙,방송/영상
"OTT 분야 직무: 2. 콘텐츠 수/배급 - 콘텐츠 뒤의 사람들, OTT 이야기",방송/영상
게임 사운드 단계별 제작 과정 - 게임 사운드 디자인,콘텐츠산업 전문과정
UHD 오디오를 위한 MPEG-H 활용 - MPEG-H 제작에 필요한 오소링과 모니터링,콘텐츠산업 전문과정
계약과 법률 - 원천창작자를 위한 글로벌 계약서 작성법,콘텐츠산업 전문과정
"웹소설 원작 웹툰으로 각색하기 - 웹툰, 웹소설 각색하기",웹툰/이모티콘
"OTT 분야 직무: 6. 마케팅 - 콘텐츠 뒤의 사람들, OTT 이야기",방송/영상
"[수어자막] 4차 산업혁명, AI, 딥 러닝, 그리고 뉴 콘텐츠 - AI를 적용한 사운드 콘텐츠 알아보기",인공지능
웹툰 회사에서는 어떤 일을 할까? - 웹툰 회사 소개,웹툰/이모티콘
"게임인 인터뷰: 7. 인디개발사, 게임기획 직무",콘텐츠산업 전문과정
Q&A로 알아보는 기술감독의 역할과 기술경영,콘텐츠산업 전문과정
공연을 위한 뉴미디어 사용 2 - 가상현실과 인공지능 - 뉴미디어 테크놀로지를 활용한 공연 제작,인공지능
1인 콘텐츠 실제 제작하기 2 : 기획 및 제작,방송/영상
뮤지컬 장르의 이해 - Sung-through Musical,콘텐츠산업 전문과정
글로벌향 포맷 기획이란? - 글로벌향 포맷 기획,콘텐츠산업 전문과정
기초설계 - 공연 창작과 기술,콘텐츠산업 전문과정
동시녹음이란? - Real Sound : 동시녹음의 세계,콘텐츠산업 전문과정
게임 트레일러 제작 - 포스트 프로덕션,콘텐츠산업 전문과정
스튜디오 창작 사례 - 스튜디오 창작 시스템의 이해,콘텐츠산업 전문과정
K-Pop 해외진출 성공 사례 - K-Pop 아티스트 해외진출 성공전략,콘텐츠산업 전문과정
"웹툰 회사에서는 어떤 일을 할까? - 웹툰 회사, 이런 일을 해요: 직군 및 회사 특장점",웹툰/이모티콘
콘텐츠 특허와 상표권 - 콘텐츠 상표,경영일반
"웹툰 회사, 이런 일을 해요: 웹툰 산업, 차별화 전략 - 웹툰 회사에서는 어떤 일을 할까?",웹툰/이모티콘
공연영상디자인 - 매핑과 쇼컨트롤,콘텐츠산업 전문과정
게임 포스트모템 - 마이 오아시스 포스트모템,콘텐츠산업 전문과정
중국에서 한국 프로그램 저작권 보호 방안,콘텐츠산업 전문과정
공연영상디자인 - 디스플레이 매체와 그 활용,콘텐츠산업 전문과정
K-Pop 아티스트 해외진출을 위한 노력과 성공 요인 - K-Pop 아티스트 해외진출 성공전략,콘텐츠산업 전문과정
"드라마, 다큐멘터리, 예능 등의 동시녹음 운용 - Real Sound : 동시녹음의 세계",콘텐츠산업 전문과정
MCN 비즈니스 전략 4 : 웹모바일 동영상 사업자의 향후 과제 - 수익모델의 강화,콘텐츠산업 전문과정
[수어자막] K-OTT 플랫폼 성공전략과 방향 - 이제는 OTT 시대 OTT 플랫폼 이야기,방송/영상
콘텐츠 특허와 상표권 - 콘텐츠 특허 Ⅰ,경영일반
"OTT 분야 직무: 1. 콘텐츠 제작/투자 - 콘텐츠 뒤의 사람들, OTT 이야기",방송/영상
표준계약서 - 방송작가집필 표준계약서 바로 알기,콘텐츠산업 전문과정
"천애협로, 작가를 만나다 - 웹툰, 웹소설 각색하기",웹툰/이모티콘
웹툰 프로듀서를 위한 실전 만화기획 - 만화의 기획이란?,웹툰/이모티콘
"허위조작정보 - 진실 혹은 거짓, 미디어리터러시",콘텐츠산업 전문과정
"게임인 인터뷰: 4. 게임 퍼블리셔, 소싱 직무",콘텐츠산업 전문과정
"[수어자막] In-Camera VFX의 이해 - 가상을 현실로, Virtual Studio의 모먼트",AR/VR
"FRAPA, 포맷 바이블 - Format Protection Methodology_Powered by FRAPA",콘텐츠산업 전문과정
웹툰 프로듀서를 위한 실전 만화기획 - 작품 기획에 들어가며(O이 되는 이야기 만들기),웹툰/이모티콘
1강 방송영상 콘텐츠의 다문화 수용성,콘텐츠산업 전문과정
5G 콘텐츠와 비즈니스 모델 - 5G 시대 콘텐츠 트렌드 및 BM,콘텐츠산업 전문과정
이모티콘 기획하기 - 나만의 이모티콘 만들기,웹툰/이모티콘
"새로운 감수성의 시대, 입체적인 캐릭터 만들기",콘텐츠산업 전문과정
"새로운 시대의 영상, 예술이 되다_자크 킹(Zach King) - 디지털 시대의 새로운 영상 마술사",방송/영상
[수어자막] 배리어프리란? - 모두를 위한 즐거움 - 콘텐츠산업 내 배리어프리,콘텐츠산업 전문과정
[수어자막] 발전된 배리어프리 서비스를 위하여- 모두를 위한 즐거움 - 콘텐츠산업 내 배리어프리,콘텐츠산업 전문과정
취재와 촬영 - 다큐멘터리 글쓰기,콘텐츠산업 전문과정
1인 콘텐츠 실제 제작하기 3 : 콘텐츠 영상 편집,방송/영상
콘텐츠 산업에서 바라본 VR,AR/VR
자신 있게 체결하는 게임 퍼블리싱 계약 - 퍼블리셔의 권한 범위 설정하기,콘텐츠산업 전문과정
"웹툰 회사에서는 어떤 일을 할까? - 웹툰 회사, 이런 일을 해요: IP 확장",웹툰/이모티콘
게임 산업의 이해와 직무,콘텐츠산업 전문과정
뉴스 소비자의 등장과 새로운 소비 방식 - 뉴스콘텐츠의 진화와 생태계,콘텐츠산업 전문과정
클라우드 서버 세팅과 문제 대응 및 Appendix - 게임 클라우드 서비스 실무,콘텐츠산업 전문과정
[수어자막] AI를 음악 프로듀싱에 어떻게 이용할 수 있을까? - AI를 적용한 사운드 콘텐츠 알아보기,인공지능
[수어자막] 1인 크리에이터를 위한 저작권의 보호(구제)와 계약 - 1인 크리에이터를 위한 저작권 노하우,방송/영상
기타 실무 활용 - EDIUS 실무활용을 위한 이펙트 강좌,콘텐츠산업 전문과정
"새로운 시대의 영상, 예술이 되다_김성욱 감독 - 뮤직비디오, 예술로의 진화를 위한 도약",방송/영상
공연무대 연출의 발전과 전망 - 아트앤테크닉:무대기술,콘텐츠산업 전문과정
"3강 다문화 관련 가이드라인, 심의 규정 및 법령",콘텐츠산업 전문과정
애니메이션 스토리텔링 - VR 애니메이션 스토리텔링,콘텐츠산업 전문과정
뮤지컬 장르의 이해 - Showtune Vs. Pop Music 뮤지컬음악과 대중음악의 발전사,콘텐츠산업 전문과정
로그분석 - 설계 실습,전문기술과정
동시녹음 장비와 운용 - Real Sound : 동시녹음의 세계,콘텐츠산업 전문과정
"사운드 엔진에 적용과 출시, 그 후 - 게임 사운드 디자인",콘텐츠산업 전문과정
"OTT 산업 현황 분석 및 주요 직무 소개 - 콘텐츠 뒤의 사람들, OTT 이야기",방송/영상
[수어자막] 1인 크리에이터라면 알아야 할 저작권 기본 이해- 1인 크리에이터를 위한 저작권 노하우,방송/영상
콘텐츠 내 세계관과 캐릭터 확장,콘텐츠산업 전문과정
클라우드 서버를 활용한 게임 서비스 - 게임 클라우드 서비스 실무,콘텐츠산업 전문과정
"새로운 시대의 영상, 예술이 되다_김성욱 감독 - 메인스트림 뮤직비디오 제작",방송/영상
"OTT 분야 직무: 3. 서비스 기획 및 운영, 디자인(2) - 콘텐츠 뒤의 사람들, OTT 이야기",방송/영상
"게임인 인터뷰: 1. 종합 플랫폼사, 인사 직무",콘텐츠산업 전문과정
[수어자막] 인공지능이란? - 인공지능 기술에 대한 소개,인공지능
"게임인 인터뷰: 6. 게임 개발사, 재무 직무",콘텐츠산업 전문과정
혼합현실(MR)및 실감콘텐츠의 제작과 사례 - 아트앤테크닉:무대기술,콘텐츠산업 전문과정
UHD 오디오를 위한 MPEG-H 활용 - MPEG-H의 기능과 이해,콘텐츠산업 전문과정
"[수어자막] 버추얼 스튜디오의 제작기술 이해 - 가상을 현실로, Virtual Studio의 모먼트",AR/VR
뮤지컬 장르의 이해 - 창작 뮤지컬 Vs. 라이선스 뮤지컬,콘텐츠산업 전문과정
"팩트체크 - 진실 혹은 거짓, 미디어리터러시",콘텐츠산업 전문과정
콘텐츠 특허와 상표권 - 콘텐츠 특허 Ⅱ,경영일반
장르에 대한 이해 - 장르별 대표 사례로 보는 게임 기획,콘텐츠산업 전문과정
[수어자막] 인공지능기술 활용사례 - 게임 서비스와 테스트 분야,인공지능
EDIUS 9버전에 추가된 기능 알아보기 - EDIUS 실무활용을 위한 이펙트 강좌,콘텐츠산업 전문과정
"OTT 분야 직무: 5. 앱개발 및 미디어개발 - 콘텐츠 뒤의 사람들, OTT 이야기",방송/영상
인공지능 서비스와 발전방향 - AI(인공지능) 서비스와 콘텐츠,인공지능
인공지능의 정의와 트렌드 - AI(인공지능) 서비스와 콘텐츠,인공지능
[수어자막] 배리어프리 관련 직업탐구 1 - 콘텐츠산업 내 배리어프리 - 발전된 배리어프리 서비스를 위하여,콘텐츠산업 전문과정
방송프로그램 방영권 구매 표준계약서 바로 알기 - 표준계약서 사용지침,콘텐츠산업 전문과정
방송프로그램 제작 표준계약서 바로 알기 - 표준계약서 사용지침,콘텐츠산업 전문과정
[수어자막] 국내 OTT 현황과 미디어 전쟁 - 이제는 OTT 시대 OTT 플랫폼 이야기,방송/영상
"뉴스, 스토리와 영상을 입다",콘텐츠산업 전문과정
MCN 비즈니스 전략 3 : 기존 사업자들의 대응 - 웹모바일에 적응하기,콘텐츠산업 전문과정
다큐멘터리 영화 스토리텔링 - 다큐멘터리 영화 기획과 스토리텔링,콘텐츠산업 전문과정
세부설계 및 제작 - 공연 창작과 기술,콘텐츠산업 전문과정
"새로운 시대의 영상, 예술이 되다_자크 킹(Zach King) - Q&A로 알아보는 창의적 영상의 세계",방송/영상
[수어자막] 배리어프리 사례 알아보기 1 - 영화 - 모두를 위한 즐거움 - 콘텐츠산업 내 배리어프리,콘텐츠산업 전문과정
"시선을 사로잡는 힘, 공연 무대의 비밀 - 무대 속에 스며든 예술, 무대 디자인 A-Z",콘텐츠산업 전문과정
장르별 다른 내레이션 쓰는 법 - 다큐멘터리 글쓰기,콘텐츠산업 전문과정
[수어자막] OTT 차세대 미디어로 성장하다 - 이제는 OTT 시대 OTT 플랫폼 이야기,방송/영상
게임 사운드 디자인은 어떻게? - 게임 사운드 디자인,콘텐츠산업 전문과정
글로벌향 포맷의 실제 - 글로벌향 포맷 기획,콘텐츠산업 전문과정
"낙향문사전, 작가를 만나다 - 웹툰, 웹소설 각색하기",웹툰/이모티콘
실시간 게임의 이해 <이스> - 장르별 대표 사례로 보는 게임 기획,콘텐츠산업 전문과정
자신 있게 체결하는 게임 퍼블리싱 계약 - 지식재산권과 데이터베이스의 귀속,콘텐츠산업 전문과정
뉴스란 무엇인가 - 뉴스콘텐츠의 진화와 생태계,콘텐츠산업 전문과정
뮤지컬 장르의 이해 - Book Musical 서사와 대본 중심의 전통적인 북 뮤지컬,콘텐츠산업 전문과정
자신 있게 체결하는 게임 퍼블리싱 계약 - 수익의 분배와 비용의 부담,콘텐츠산업 전문과정
게임 사운드란? - 게임 사운드 디자인,콘텐츠산업 전문과정
클라우드 소개 - 클라우드 컴퓨팅 - 게임 클라우드 서비스 실무,콘텐츠산업 전문과정
게임 트레일러 제작 - 제작단계,콘텐츠산업 전문과정
5G 이동통신과 콘텐츠 산업 - 5G 시대 콘텐츠 트렌드 및 BM,콘텐츠산업 전문과정
공연을 위한 뉴미디어 사용 1 - 로봇공학과 비디오 맵핑 - 뉴미디어 테크놀로지를 활용한 공연 제작,콘텐츠산업 전문과정
공연영상디자인 - 공연영상디자인에 접근하는 방법,콘텐츠산업 전문과정
스튜디오 창작 시스템의 확대 요인 - 스튜디오 창작 시스템의 이해,콘텐츠산업 전문과정
[서울시복지재단 선택교육] 가정에서 시작하는 엄마표 경제교육,금융
[서울시복지재단 금융교육] 노풍당당한 노후준비,금융
[동작구] 유아 시설에서 함께하기 좋은 레크레이션 프로그램,건강관리
[광진구] 초보자도 가능한 근력운동 방법,건강관리
[도봉구] 입문자도 쉽게 배울 수 있는 탁구의 모든 것,건강관리
[영등포구] 월드컵의 감동을 직접 느끼다! 축구의 모든 것,건강관리
[서울시복지재단 선택교육] 부부가 함께 발 맞춰 달려가는 재무레이스,금융
[강북구] 집에 있는 도구로 할 수 있는 운동,건강관리
[성북구] 집에서도 할 수 있어요! 어르신 홈트레이닝,건강관리
[서초구] 오늘부터 나도 보디빌더! 보디빌딩 초급편,건강관리
"[송파구] 워밍업부터 율동, 스트레칭까지! 쉽게 따라하는 생활체조",건강관리
[영등포구] 왼손은 거들 뿐! 농구의 모든 것,건강관리
[은평구] 전신 다이어트에 좋은 서킷 운동,건강관리
[구로구] 직접 해보면 더 재미있는 배구의 자세와 기술,건강관리
[서울시복지재단 금융교육] 내 월급에 딱 맞는 저축과 투자,금융
[마포구] 건강증진과 탄력바디를 위한 근력운동 및 유산소 운동,건강관리
"[서울시복지재단 금융교육] 어서와, 재무계획은 처음이지",금융
"[노원구] 생활체육, 놀이가 되다! 다양한 놀이체육 활동",건강관리
[강동구] 운동 초보도 걱정 마세요~ 근력운동 및 스트레칭,건강관리
[양천구] 족구왕이 되기 위한 첫 걸음! 족구 기초 동작,건강관리
"[서울시복지재단 금융교육] 보이지 않는 위험, 보험으로",금융
[은평구] 생활 속에서 실천하는 생활체조,건강관리
[서울시복지재단 선택교육] 꿈꾸는 내일을 위한 창업 도전기,금융
[서울시복지재단 금융교육] 잘 아는 만큼 잘 챙기는 디지털 금융과 금융소비자의 권리,금융
[성북구] 이 운동이 요즘 하태용! 이색 스포츠 게이트볼,건강관리
[금천구] 누구나 쉽게 따라할 수 있는 어르신 프로그램,건강관리
[중랑구] 아이들의 균형 있는 신체 발달을 위한 유아체육 활동,건강관리
[서초구] 배드민턴? 어렵지 않아요. 배드민턴 초급편,건강관리
서울시 아픈아이 전담 아이돌보미 직무교육,취업
[관악구] 직장인도 간단하게 실천할 수 있는 스트레칭 방법,건강관리
[강서구] 한국인이라면 꼭 알아야 하는 태권도의 기본,건강관리
"[서울시복지재단 금융교육] 대출아, 신용을 부탁해",금융
[성동구] 음악에 맞춰 운동하는 매트 필라테스 운동,건강관리
"[강남구] 어르신부터 직장인, 부상자까지! 맞춤 운동 방법",건강관리
서울시 등하원 전담 아이돌보미 직무교육,취업
[서대문구] 이 영상 하나면 당신도 당구 고수가 됩니다!,건강관리
[서울시복지재단 선택교육] 내가 사는 주토피아,금융
[양천구] 인라인 신고 쌩쌩 달려요! 인라인의 기초,건강관리
"[HD]데이터 시각화, 분석 Spotfire(스팟파이어) 제대로 배우기 Part.2",프로그래밍
"[HD]데이터 시각화, 분석 Spotfire(스팟파이어) 제대로 배우기 Part.3",프로그래밍
[용산구] 놀이를 통해 운동해 봐요~ 유아체육활동,건강관리
[핫둘핫둘서울] 스포츠스타와 함께하는 홈 트레이닝,건강관리
[중구] 효과 좋은 전신운동으로 건강해지는 어르신 타바타,건강관리
[종로구] 생활체육지도자가 알려주는 이색 스포츠 보치아,건강관리
[중구] 신나게 춤추며 다이어트까지! 줌바댄스,건강관리
2022 협치성북 모니터링 교육,사회/교양
서울시 아동학대 신고의무자 교육 및 공공부문 아동학대 예방교육(1시간),인권
서울시 아동학대 신고의무자 교육 및 공공부문 아동학대 예방교육(2시간),인권
2022 시민도시 아카데미,사회/교양
[보육교직원편] 우리 아이 학대로부터 안녕 지키기,부모교육
부모교육 [영유아양육자편] 우리 아이 학대로부터 안녕 지키기,부모교육
시니어 재취업 자격증 완전정복 - 국민내일배움카드 편,시니어취업
[서울시복지재단 금융교육] 생애주기 재무설계,금융
시니어 재취업 자격증 완전정복 - 운전 분야편,시니어취업
시니어 재취업 자격증 완전정복 - 사무직 분야편,시니어취업
노인일자리 참여자 성희롱 예방교육,사회/교양
노인일자리의 이해,사회/교양
노인일자리 참여자 인권교육,사회/교양
노인일자리 참여자 안전교육,사회/교양
장애인학대 신고의무자 교육,인권
자전거 이용자를 위한 자전거 정비교육,취미생활
[중등] 스마트폰?인터넷 과의존 예방 교육,기타
[대학생] 스마트폰?인터넷 과의존 예방 교육,기타
[성인] 스마트폰?인터넷 과의존 예방 교육,기타
[고등] 스마트폰?인터넷 과의존 예방 교육,기타
[초등(저)] 스마트폰?인터넷 과의존 예방 교육,기타
[청소년보호자] 스마트폰?인터넷 과의존 예방 교육,기타
[청소년] 스마트폰?인터넷 과의존 예방 교육,기타
[유아] 스마트폰?인터넷 과의존 예방 교육,기타
[영유아보호자] 스마트폰?인터넷 과의존 예방 교육,기타
[초등(고)] 스마트폰?인터넷 과의존 예방 교육,기타
[고령층] 스마트폰?인터넷 과의존 예방 교육,기타
시니어 재취업 자격증 완전정복 - 돌봄 분야편,시니어취업
시니어 재취업 자격증 완전정복 - 경비?시설 분야편,시니어취업
[에너지정보문화재단] 에너지 지식탐구,사회/교양
[서울시복지재단 금융교육] 노후준비와 은퇴설계,금융
[서울시복지재단 금융교육] 디지털 금융과 금융소비자의 보호제도,금융
[서울시복지재단 금융교육] 보험관리와 활용,금융
[서울시복지재단 금융교육] 신용과 대출관리,금융
인권토크! 대화가 필요해(인권교육용),인권
총괄재난관리자 직무능력 강화 교육,기타
반려동물 돌봄교육,취미생활
대한적십자사 어린이이용시설종사자안전교육 이론과정(2h),기타
"동작구 민관합동 교육 ‘다시, 협치’",사회/교양
e-정비사업 공공지원 실무,사회/교양
경계선지적기능아동의 양육자 교육,부모교육
아이를 존중하는 긍정 양육(부모교육),부모교육
e-정비사업 아카데미 심화,사회/교양
알기 쉬운 공공감사,사회/교양
[서울시어르신취업지원센터] 방역원 교육(입문),시니어취업
[서울시어르신취업지원센터] 바리스타 2급 온라인교육,시니어취업
[서울시어르신취업지원센터] 슬기로운 직장생활,시니어취업
[서울시어르신취업지원센터] 취업 진단도구 활용법,시니어취업
반려동물 입양교육,취미생활
e-인권토크(인권교육용),사회/교양
2022 e-서울 매장문화재 이야기,인문학
"2022년 [명사특강] 다양한 삶의 자취, 디딤돌이 되다",사회/교양
[손수호 변호사의 사건 속으로] 자살 방지 교육,인권
[손수호 변호사의 사건 속으로] 개인정보보호 교육,인권
[손수호 변호사의 사건 속으로] 청렴교육,인권
[손수호 변호사의 사건 속으로] 직장 내 괴롭힘 방지 교육,인권
[손수호 변호사의 사건 속으로] 직장 내 장애인 인식개선 교육,인권
[손수호 변호사의 사건 속으로] 퇴직연금 교육,금융
[손수호 변호사의 사건 속으로] 성희롱 예방 교육,인권
2021년 서울시 평생학습 성과공유대회,사회/교양
시민의 지식 통로,사회/교양
"데이터 액티비즘, 우리도 할 수 있어!",OA활용
협치역량 강화 및 협치 활성화를 위한 『송파의 비전과 협치』,사회/교양
2021년 서울시 남북교류협력분야 민간단체 실무자 역량강화,사회/교양
서울시 아동인권전문가 심화?보수 교육,사회/교양
[SBA] 크리에이티브포스가 알려주는 1인 미디어 노하우 2021 W-UP,멀티미디어
도봉구 지속가능발전 온라인 교육,사회/교양
e-서울시 행복정책 이해하기,사회/교양
서울미래인재 역량강화교육 기본과정,사회/교양
서울미래인재 역량강화교육 심화과정,사회/교양
동작협치 활성화를 위한 「2021년 동작구 민관소통을 위한 주민 기본 교육」,사회/교양
[동남권 서울특별시 노동자 종합지원센터] 학교밖 청년예비노동자 경제.금융.노동인권 교육,사회/교양
[서울시어르신취업지원센터] 채용 지원서류 작성법 교육,시니어취업
"업무의 정석, 내부자들(인권교육용)",사회/교양
2020 알쓸학팁(알고보면 쓸모있는 학교폭력 예방과 대응의 팁),부모교육
통합교육콘텐츠 “고용노동부?보건복지부가 함께 하는 장애인식개선교육”,인권
장애인식개선교육 “다름과 닮음 속 더욱 빛나는 우리”,인권
강북구 주민자치 아카데미 2021년,사회/교양
[서울시 장애인식개선 영상] 새로고침 프로젝트 친구추가,사회/교양
[서울시 장애인식개선 영상] 교육용 애니메이션 영상,사회/교양
[서울시 장애인식개선 영상] 장애인 1분 에티켓,인권
[서울시 장애인식개선 영상] 빛과그림자,인권
[서울시 장애인식개선 영상] 장애인탈시설정책,사회/교양
생명의 릴레이,사회/교양
[서울시어르신취업지원센터] 직장 내 의사소통법 교육,시니어취업
[SBA] 크리에이터를 위한 인스타그램 광고,멀티미디어
[에너지정보문화재단] 에너지 정보쇼,사회/교양
초고층 건축물 등 실태점검 역량 강화 교육,사회/교양
서울시 건축안전자문단 안전관리,사회/교양
[지역건축안전센터] 민간건축공사장 안전관리,사회/교양
성동구 자치계획 세우기 A to Z,사회/교양
[지역건축안전센터] 민간건축물 안전관리,사회/교양
[지역건축안전센터] 민간건축물 및 민간건축공사장 안전관리,사회/교양
환경과 민주주의,사회/교양
법과 민주주의,사회/교양
[SBA] 크포꿀팁 : 크리에이터 채널성장 노하우,멀티미디어
[SBA] 크포꿀팁 : 촬영기법 및 노하우,멀티미디어
[SBA] 크포꿀팁 : 크리에이터와 기업(기관)의 커뮤니케이션 노하우,멀티미디어
[SBA] 크포꿀팁 : 콘텐츠 제작 무료 소스 노하우,멀티미디어
[SBA] 크포꿀팁 : 크리에이터 창업 노하우,멀티미디어
[SBA] 크포꿀팁 : 크리에이터 커머스 노하우,멀티미디어
[SBA] 크포꿀팁 : 편집기법 및 노하우,멀티미디어
강동구 주민참여예산학교,사회/교양
[SBA] 애프터이펙트 튜토리얼 30분 단기 강좌,멀티미디어
서울시 자녀 감정코칭,부모교육
서울시 인성교육 애니메이션,부모교육
[서울민주주의위원회] 지역사회혁신계획 지평을 넓히다,사회/교양
시민과 민주주의,사회/교양
[서울시어르신취업지원센터] 슬기로운 노무생활,시니어취업
[서울시어르신취업지원센터] 도보배달원 훈련,시니어취업
장애인식개선교육 “인식의 새로고침”,인권
장애인식개선교육 “인식의 길라잡이”,인권
사회적경제 교육 (기본과정),사회/교양
건축공사 관계자 착공 전 안전교육,사회/교양
[도봉구] 주민 대상 사회적경제 교육,사회/교양
[도봉구] 청소년 대상 사회적경제 교육,사회/교양
아파트관리 주민학교(기본)*,사회/교양
[2020년 서울시 거점 특성화 사업] 건강문해 동영상 자료,사회/교양
브로드웨이 뮤지컬의 이해,문화예술
매력적인 글쓰기,취미생활
장르만화의 이해,취미생활
파생상품 종류,사회/교양
파생결합 상품,사회/교양
[서울산업진흥원] W-UP_로마에서는 로마의 법을! 유튜브에서는 구글의 정책을!,멀티미디어
파생상품 활용,사회/교양
[서울산업진흥원] W-UP_글로벌채널 셋업,멀티미디어
"[서울산업진흥원] W-UP_콘텐츠 시장, 나는 나무를 보는가? 숲을 보는가?",멀티미디어
[서울산업진흥원] W-UP_데이터 기반 콘텐츠 기획하기,멀티미디어
[서울산업진흥원] W-UP_13년차 유튜버의 노하우,멀티미디어
슬기로운 투자,사회/교양
"[서울산업진흥원] W-UP_해외시청자, 유튜브 CC(Closed Captions)면 무조건 늘어납니다",멀티미디어
파생상품 이해,사회/교양
[서울산업진흥원] W-UP_유튜브 채널 유지 노하우,멀티미디어
[서울산업진흥원] W-UP_유튜브 알고리즘과 통계 도구를 활용한 채널 성장,멀티미디어
파생상품 심화,사회/교양
[서울산업진흥원] W-UP_구독자와 시청 지속시간을 늘리는 콘텐츠 기획,멀티미디어
[서울산업진흥원] W-UP_유튜브를 건강하게 오랫동안 운영하는 팁,멀티미디어
"[서울산업진흥원] W-UP_애프터이펙트, 이것만 알면 하나도 안어렵다!",멀티미디어
[서울산업진흥원] W-UP_현직 프로야구 캐스터가 알려주는 유튜버 스피치,멀티미디어
[서울산업진흥원] W-UP_해외로 나가는 마케팅,멀티미디어
[서울산업진흥원] W-UP_리뷰 콘텐츠를 위한 촬영 세팅 액세서리 활용,멀티미디어
"[서울산업진흥원]W-UP_콘텐츠 시장, 크리에이터 창업, 브랜드로 경력을 입히다",멀티미디어
[서울산업진흥원] W-UP_유튜버에게 2차 비즈니스가 필요한 이유+실제 쇼핑몰 운영 사례,멀티미디어
[서울산업진흥원] W-UP_내 채널 구독자들이 원하는 콘텐츠는 무엇일까?,멀티미디어
[서울산업진흥원] W-UP_유튜브 크리에이터 브랜디드/PPL 콘텐츠 제작 가이드,멀티미디어
[서울산업진흥원] W-UP_유튜브 채널 최적화 체크리스트,멀티미디어
[서울산업진흥원] W-UP_브랜디드 콘텐츠 꿀팁,멀티미디어
[서울산업진흥원] W-UP_유튜버의 브랜딩을 위한 무료 웹사이트 제작툴 소개,멀티미디어
[서울산업진흥원] W-UP_빠른 번역 및 자막 만들기 노하우,멀티미디어
"[서울산업진흥원] W-UP_영상 카메라 선택, 모드별 사용법",멀티미디어
[서울산업진흥원] W-UP_구독자 내 편 만드는 법,멀티미디어
[서울산업진흥원] W-UP_성공적인 유튜브 채널을 만드는 전략,멀티미디어
[서울산업진흥원] W-UP_유튜브를 위한 프리미어 편집 꿀팁 활용,멀티미디어
[서울산업진흥원] W-UP_초보를 위한 친절한 카메라 조작법,멀티미디어
[서울산업진흥원] W-UP_프리미어 안에서 예능 자막 만드는 방법,멀티미디어
[서울산업진흥원] W-UP_클릭율을 올리는 썸네일과 제목,멀티미디어
[서울시어르신취업지원센터] 커피학교 바리스타 스킬업,시니어취업
크리에이터 허팝을 만나다,사회/교양
5G 시대 콘텐츠 트렌드 및 BM,신기술교육
1인 콘텐츠 실제 제작하기,멀티미디어
다큐멘터리 지식채널e 숏 콘텐츠 5분의 미학,사회/교양
2020 평생학습 성과공유회,사회/교양
영상촬영기본,멀티미디어
뮤지컬 장르의 이해,사회/교양
이성강 감독의 기획부터 제작까지 애니메이션 끌리는 이야기,사회/교양
스마트폰을 활용한 영상 제작,멀티미디어
애니메이션 스토리텔링,멀티미디어
한눈에 살펴보는 한국 캐릭터 변천사,사회/교양
장르를 넘나들다! 뮤지컬과 영화의 크리에이터 장유정 감독,사회/교양
"아이디어, 당신의 삶에서 찾아라! 김양수 웹툰작가",사회/교양
"하일권, 다음 장면이 궁금한 만화를 그려라!",사회/교양
감독 연상호를 만나다,사회/교양
나만의 이모티콘 만들기,사회/교양
웹툰 프로듀서를 위한 실전 만화기획,멀티미디어
"시선을 사로잡는 힘, 공연 무대의 비밀",사회/교양
서울시 노사민정 아카데미,사회/교양
[서울시어르신취업지원센터] 커피학교 핸드드립 실기,시니어취업
[서울시어르신취업지원센터] 웨딩쇼퍼 훈련,시니어취업
[서울시어르신취업지원센터] 커피학교 핸드드립 이론,시니어취업
2020 중랑구 전직원 민관협치 이해 교육,사회/교양
핀테크 아카데미 Pre-Course 과정,신기술교육
중랑구 협치 이해 교육(주민대상),사회/교양
아파트관리 주민학교(심화),사회/교양
서울시디지털생명지킴이교육 “S-생명지기(교사편)”,사회/교양
서울시디지털생명지킴이교육 “S-생명지기”,사회/교양
[시립광진청소년센터] 신비한 생활마술 8탄 (DIY마술),취미생활
[시립광진청소년센터] 신비한 생활마술 7탄 (풍선마술),취미생활
[시립광진청소년센터] 신비한 생활마술 6탄 (로프마술),취미생활
[시립광진청소년센터] 일본어 첫걸음 4편,일본어
게임의 피드백 시스템 속에 인간 성장의 비밀이 있다,인문학
[시립광진청소년센터] 신비한 생활마술 5탄 (지폐마술),취미생활
[시립광진청소년센터] 융합과학대장,사회/교양
[시립광진청소년센터] 일본어 첫걸음 3편,일본어
[서울시복지재단] (이룸통장)발달장애인 금융범죄 예방 교육,사회/교양
[시립광진청소년센터] 신비한 생활마술 4탄 (펜마술),취미생활
"[국민권익위원회] 청렴-MOOC, 세계의 청렴국가",사회/교양
"[국민권익위원회] 청렴-MOOC, 인문학 속 청렴 이야기 시즌2",사회/교양
[소방재난본부] 시민안전파수꾼 양성 이론교육,사회/교양
[한국정보통신진흥협회] 통신서비스 활용 및 피해예방 교육,사회/교양
[대중소기업농어업협력재단] 비대면 업무 시 기술보호 가이드라인,사회/교양
[서울시어르신취업지원센터] 재취업6하원칙,시니어취업
[도봉구] 차이나China는 중국어교실,중국어
[시립광진청소년센터] 신비한 생활마술 3탄 (고무줄마술),취미생활
[시립광진청소년센터] 일본어 첫걸음 2편,일본어
[농업기술센터] 미세먼지제거 공기정화식물,사회/교양
[농업기술센터] 도시농부학교,사회/교양
[시립광진청소년센터] 신비한 생활마술 1탄 (동전마술),취미생활
[시립광진청소년센터] 신비한 생활마술 2탄 (휴지마술),취미생활
[서울시어르신취업지원센터] 온라인 취업준비교육,시니어취업
[시립광진청소년센터] 일본어 첫걸음 1편,일본어
나와 같다면(인권교육용),사회/교양
[서울산업진흥원] 슬기로운 유튜버생활_채널성장과 마케팅 편,멀티미디어
[서울산업진흥원] 슬기로운 유튜버생활_SBA스튜디오 소개 편,멀티미디어
[서울산업진흥원] 슬기로운 유튜버생활_촬영장비 편,멀티미디어
[서울산업진흥원] 슬기로운 유튜버생활_프리미어 프로 편,멀티미디어
[한국공인회계사회] FAT(회계실무) 1급,국가공인민간자격
[한국공인회계사회] TAT(세무실무) 2급,국가공인민간자격
[한국공인회계사회] FAT(회계실무) 2급,국가공인민간자격
[한국공인회계사회] TAT(세무실무) 1급,국가공인민간자격
[서울산업진흥원]슬기로운 유튜버생활_모션 그래픽 편,멀티미디어
[서울민주주의위원회] 지역협치의 이해,사회/교양
[서울민주주의위원회] 협치와 시민,사회/교양
[시립목동청소년센터] 청소년 자원봉사,아동/청소년
"[국민권익위원회] 청렴-MOOC, 생활 속 청렴 정보통",사회/교양
"[국민권익위원회] 청렴-MOOC, 인문학 속 청렴 이야기",사회/교양
[에너지정보문화재단] 에너지전환은 미세먼지를 증가시킨다,사회/교양
[에너지정보문화재단] 탈원전으로 우리나라 전력수급 상황은 빨간불,사회/교양
"[에너지정보문화재단] 에너지전환, 급행열차에 탄 것일까",사회/교양
[에너지정보문화재단] 개미의 스승이 된 베짱이,사회/교양
[에너지정보문화재단] 에너지전환 우수사례,사회/교양
"[에너지정보문화재단] 에너지전환, 시대의 흐름인 이유",사회/교양
[에너지정보문화재단] 대한민국 에너지 풍경,사회/교양
[에너지정보문화재단] 에너지 미래를 바꾸다 2부,사회/교양
[에너지정보문화재단] 에너지로바꾸는세상,사회/교양
[에너지정보문화재단] 에너지 미래를 바꾸다 1부,사회/교양
[대중소기업농어업협력재단] 중소기업 기술보호 교육,창업
가족 신화의 극복과 가족 트렌드 이해하기,사회/교양
"재난이 세상을 멈춰세울 때 2부 뉴 노멀의 시대, 한국의 자화상을 비춰본다",문화예술
독립운동가 김마리아와 오광심 영웅에는 성별이 없다,인문학
별의 별 이야기 혜성의 모든 것,사회/교양
패션으로 철학하기,인문학
"초정상자극 자극적인 것을 좇는 우리, 그리고 거를 용기",사회/교양
쇼팽의 선율에서 찾는 내 안의 자유,사회/교양
"근대 팝아트의 거장, 로이 리히텐슈타인 이야기",사회/교양
멀티 페르소나 내 속엔 내가 너무도 많아,사회/교양
재난이 세상을 멈춰세울 때 1부 문명의 균열 속에서 삶의 질서를 되묻는다,문화예술
"플라스틱, 그 탄생과 역습 우리는 왜 플라스틱을 해롭다고만 할까?",사회/교양
생애설계의 철학인생 항해의 나침반을 찾아서,인문학
시민참여가 필요한 이유,사회/교양
호모나랜스 이야기하는 인간,인문학
세계시민나는 시민인가?,인문학
재난이 세상을 멈춰세울 때 3부 시민이 성장하는 배움의 공동체를 상상한다,문화예술
[청년청] 서울청년인재 역량 강화 교육,사회/교양
하루의 재발견(인권교육용),사회/교양
앙상블(인권교육용),사회/교양
수출산업 종사자를 위한 저작권 노하우(일본편),사회/교양
청소년 예비 창업자를 위한 저작권 노하우,사회/교양
표절예방과 저작권 기초 강좌,사회/교양
방송 종사자를 위한 저작권 노하우,사회/교양
콘텐츠 수출산업 종사자를 위한 저작권 노하우(미국편),사회/교양
시니어 창업자를 위한 저작권 노하우,사회/교양
게임 종사자를 위한 저작권 노하우,사회/교양
어린이집 보육교사 과정,사회/교양
콘텐츠 수출산업 종사자를 위한 저작권 노하우(중국편),사회/교양
성공적인 창업을 위한 저작권 노하우,사회/교양
만화(웹툰) 창작자를 위한 저작권 노하우,사회/교양
도서관 업무 종사자를 위한 저작권 노하우,사회/교양
4차산업 종사자를 위한 저작권 노하우,사회/교양
공공기관 근무자를 위한 저작권 기초와 실무,사회/교양
[서울시복지재단] (이룸통장)부모교육_발달장애인을 위한 경제교육,사회/교양
[서울시복지재단] (이룸통장)발달장애인 금융교육,사회/교양
블루투스 모듈을 통한 IOT 이족보행로봇 제작자 과정,프로그래밍
홈팩토리마스터 과정,프로그래밍
블록체인 기술을 활용한 SW개발자 양성과정,프로그래밍
장애 인식 개선 컨텐츠(장애이해),사회/교양
장애 인식개선 컨텐츠(장애유형별),사회/교양
서울시 마을공동체 사업 이해,사회/교양
찾아가는 동주민센터 마을사업에 대한 전반적인 이해,사회/교양
e-재개발재건축 정비사업 아카데미(일반과정),사회/교양
e-SNS로 홍보하기,사회/교양
찾아가는 동주민센터 마을사업,사회/교양
집수리닷컴 실습강좌 - 내 손으로 직접 하는 집수리,취미생활
2018년 자기주도학습 아이를 바꾼다,부모교육
집수리아카데미 이론강좌,취미생활
소방시설 점검 표준 매뉴얼,사회/교양
"세상을 바꾸는 지도, 커뮤니티매핑 이해하기",소셜미디어
개인정보보호편(어린이용),기타
개인정보보호편(청장년층),기타
개인정보보호편(노년층),기타
개인정보보호편(청소년층),기타
공공데이터로 만들어가는 새로운 세상,사회/교양
e-직장인의 건강관리,건강관리
함께하는 부모 학습_드디어 부모!,부모교육
